Region,District,Class,Data_Source_Demographics,Data_Source_WASH,Data_Source_ChildHealth,Latitude,Longitude,Employed Population,Unemployed Population,Incidence of Poverty,Intensity of Poverty,Illiterate Population,Uninsured Population,Male Population 0-14,Female Population 0-14,Male Population 15-64,Female Population 15-64,Male Population 65+,Female Population 65+,Total Population,Child_anaemia_any_pct,Child_anaemia_severe_pct,Diarrhoea_prevalence_pct,EBF_within_1hr_pct,Ever_breastfed_pct,IMR_per_1000,Improved_sanitation_pct,Improved_water_pct,NMR_per_1000,Open_defecation_pct,U5MR_per_1000,Unimproved_sanitation_pct,Unimproved_water_pct,Water_treated_pct,Illiteracy_rate_pct,Uninsurance_rate_pct,Under5_population,Youth_dependency_ratio,Unemployment_rate_pct,District_key,GeoJSON_District,Match_key,IsMapped
Ahafo,Asunafo North Municipal,Municipal,Ghana Statistical Service 2021 Census — Master Sheet.xlsx,DHS Ghana 1993–2022 subnational — water/toilet-facilities CSVs,DHS Ghana 1988–2022 subnational — diarrhea/child-mortality-rates/iycf/anemia CSVs,6.81509969999999,-2.67736640122449,51611,45446,26.1,42.0,39814,21534,27637,26564,46535,44897,2715,2910,151258,35.4,0.4,9.6,43.9,94.9,17.0,54.2,83.3,13.0,11.1,29.0,34.7,6.5,3.0,26.32,14.24,16260,0.593,46.82,ASUNAFO NORTH,Asunafo North Municipal,ASUNAFO NORTH,True
Ahafo,Asunafo South,District,Ghana Statistical Service 2021 Census — Master Sheet.xlsx,DHS Ghana 1993–2022 subnational — water/toilet-facilities CSVs,DHS Ghana 1988–2022 subnational — diarrhea/child-mortality-rates/iycf/anemia CSVs,6.56280465,-2.53279356335542,32671,25169,26.2,42.7,26493,43550,17439,16414,27748,26493,1769,1830,91693,35.4,0.4,9.6,43.9,94.9,17.0,54.2,83.3,13.0,11.1,29.0,34.7,6.5,3.0,28.89,47.5,10156,0.624,43.51,ASUNAFO SOUTH,Asunafo South,ASUNAFO SOUTH,True
Ahafo,Asutifi North,District,Ghana Statistical Service 2021 Census — Master Sheet.xlsx,DHS Ghana 1993–2022 subnational — water/toilet-facilities CSVs,DHS Ghana 1988–2022 subnational — diarrhea/child-mortality-rates/iycf/anemia CSVs,7.07651835,-2.52531850396715,24423,23087,26.6,43.1,18794,12723,13205,12841,23097,21584,1361,1468,73556,35.4,0.4,9.6,43.9,94.9,17.0,54.2,83.3,13.0,11.1,29.0,34.7,6.5,3.0,25.55,17.3,7814,0.583,48.59,ASUTIFI NORTH,Asutifi North,ASUTIFI NORTH,True
Ahafo,Asutifi South,District,Ghana Statistical Service 2021 Census — Master Sheet.xlsx,DHS Ghana 1993–2022 subnational — water/toilet-facilities CSVs,DHS Ghana 1988–2022 subnational — diarrhea/child-mortality-rates/iycf/anemia CSVs,6.84924284999999,-2.46125343688365,21582,20836,23.2,42.4,19701,14593,12878,12038,20319,19574,1194,1331,67334,35.4,0.4,9.6,43.9,94.9,17.0,54.2,83.3,13.0,11.1,29.0,34.7,6.5,3.0,29.26,21.67,7475,0.625,49.12,ASUTIFI SOUTH,Asutifi South,ASUTIFI SOUTH,True
Ahafo,Tano North Municipal,Municipal,Ghana Statistical Service 2021 Census — Master Sheet.xlsx,DHS Ghana 1993–2022 subnational — water/toilet-facilities CSVs,DHS Ghana 1988–2022 subnational — diarrhea/child-mortality-rates/iycf/anemia CSVs,7.19329065,-2.2080833699397,31439,29602,21.6,42.3,22005,13235,16935,15862,27631,28903,1968,2539,93838,35.4,0.4,9.6,43.9,94.9,17.0,54.2,83.3,13.0,11.1,29.0,34.7,6.5,3.0,23.45,14.1,9839,0.58,48.5,TANO NORTH,Tano North Municipal,TANO NORTH,True
Ahafo,Tano South Municipal,Municipal,Ghana Statistical Service 2021 Census — Master Sheet.xlsx,DHS Ghana 1993–2022 subnational — water/toilet-facilities CSVs,DHS Ghana 1988–2022 subnational — diarrhea/child-mortality-rates/iycf/anemia CSVs,7.16093674999999,-1.99681708617696,28999,26149,23.7,42.6,24275,17791,16367,15474,24906,26294,1636,2312,86989,35.4,0.4,9.6,43.9,94.9,17.0,54.2,83.3,13.0,11.1,29.0,34.7,6.5,3.0,27.91,20.45,9552,0.622,47.42,TANO SOUTH,Tano South Municipal,TANO SOUTH,True
Ashanti,Adansi Asokwa,District,Ghana Statistical Service 2021 Census — Master Sheet.xlsx,DHS Ghana 1993–2022 subnational — water/toilet-facilities CSVs,DHS Ghana 1988–2022 subnational — diarrhea/child-mortality-rates/iycf/anemia CSVs,6.2467263,-1.50841,23550,21838,32.4,43.3,20304,36029,13691,12765,20664,21335,1589,1800,71844,40.6,0.0,16.0,61.2,94.0,34.0,84.7,96.8,23.0,7.3,45.0,8.1,1.8,5.9,28.26,50.15,7937,0.63,48.11,ADANSI ASOKWA,Adansi Asokwa,ADANSI ASOKWA,True
Ashanti,Adansi North,District,Ghana Statistical Service 2021 Census — Master Sheet.xlsx,DHS Ghana 1993–2022 subnational — water/toilet-facilities CSVs,DHS Ghana 1988–2022 subnational — diarrhea/child-mortality-rates/iycf/anemia CSVs,6.3006124,-1.5897139446089,17411,18501,19.7,42.8,9833,14965,9247,8996,16537,16948,998,1429,54155,40.6,0.0,16.0,61.2,94.0,34.0,84.7,96.8,23.0,7.3,45.0,8.1,1.8,5.9,18.16,27.63,5473,0.545,51.52,ADANSI NORTH,Adansi North,ADANSI NORTH,True
Ashanti,Adansi South,District,Ghana Statistical Service 2021 Census — Master Sheet.xlsx,DHS Ghana 1993–2022 subnational — water/toilet-facilities CSVs,DHS Ghana 1988–2022 subnational — diarrhea/child-mortality-rates/iycf/anemia CSVs,6.00427495,-1.39314032189093,29633,24270,35.0,43.2,23064,39272,16212,15085,24648,25348,1692,2215,85200,40.6,0.0,16.0,61.2,94.0,34.0,84.7,96.8,23.0,7.3,45.0,8.1,1.8,5.9,27.07,46.09,9389,0.626,45.03,ADANSI SOUTH,Adansi South,ADANSI SOUTH,True
Ashanti,Afigya Kwabre North,District,Ghana Statistical Service 2021 Census — Master Sheet.xlsx,DHS Ghana 1993–2022 subnational — water/toilet-facilities CSVs,DHS Ghana 1988–2022 subnational — diarrhea/child-mortality-rates/iycf/anemia CSVs,7.03891495,-1.62667127242319,21350,22931,25.2,43.7,17584,22087,15067,13982,20273,21082,1268,1658,73330,40.6,0.0,16.0,61.2,94.0,34.0,84.7,96.8,23.0,7.3,45.0,8.1,1.8,5.9,23.98,30.12,8715,0.702,51.79,AFIGYA KWABRE NORTH,Afigya Kwabre North,AFIGYA KWABRE NORTH,True
Ashanti,Afigya Kwabre South,District,Ghana Statistical Service 2021 Census — Master Sheet.xlsx,DHS Ghana 1993–2022 subnational — water/toilet-facilities CSVs,DHS Ghana 1988–2022 subnational — diarrhea/child-mortality-rates/iycf/anemia CSVs,6.83998064999999,-1.60957900170106,75019,72938,13.0,43.3,31504,58599,43742,42968,68528,72634,2797,3998,234667,40.6,0.0,16.0,61.2,94.0,34.0,84.7,96.8,23.0,7.3,45.0,8.1,1.8,5.9,13.42,24.97,26013,0.614,49.3,AFIGYA KWABRE SOUTH,Afigya Kwabre South,AFIGYA KWABRE SOUTH,True
Ashanti,Ahafo Ano North Municipal,Municipal,Ghana Statistical Service 2021 Census — Master Sheet.xlsx,DHS Ghana 1993–2022 subnational — water/toilet-facilities CSVs,DHS Ghana 1988–2022 subnational — diarrhea/child-mortality-rates/iycf/anemia CSVs,6.90966445,-2.23301229669742,33407,25324,26.5,41.2,23108,28414,17581,16430,27329,27509,1843,2050,92742,40.6,0.0,16.0,61.2,94.0,34.0,84.7,96.8,23.0,7.3,45.0,8.1,1.8,5.9,24.92,30.64,10203,0.62,43.12,AHAFO ANO NORTH,Ahafo Ano North Municipal,AHAFO ANO NORTH,True
Ashanti,Ahafo Ano South East,District,Ghana Statistical Service 2021 Census — Master Sheet.xlsx,DHS Ghana 1993–2022 subnational — water/toilet-facilities CSVs,DHS Ghana 1988–2022 subnational — diarrhea/child-mortality-rates/iycf/anemia CSVs,6.94633355,-1.90095355028736,20560,17723,31.8,42.5,20459,20524,12966,12219,17786,17591,1319,1587,63468,40.6,0.0,16.0,61.2,94.0,34.0,84.7,96.8,23.0,7.3,45.0,8.1,1.8,5.9,32.24,32.34,7556,0.712,46.29,AHAFO ANO SOUTH EAST,Ahafo Ano South East,AHAFO ANO SOUTH EAST,True
Ashanti,Ahafo Ano South West,District,Ghana Statistical Service 2021 Census — Master Sheet.xlsx,DHS Ghana 1993–2022 subnational — water/toilet-facilities CSVs,DHS Ghana 1988–2022 subnational — diarrhea/child-mortality-rates/iycf/anemia CSVs,6.8289788,-2.00038660056909,22860,18251,31.9,41.8,20670,24676,12766,11893,19422,18720,1453,1516,65770,40.6,0.0,16.0,61.2,94.0,34.0,84.7,96.8,23.0,7.3,45.0,8.1,1.8,5.9,31.43,37.52,7398,0.647,44.39,AHAFO ANO SOUTH WEST,Ahafo Ano South West,AHAFO ANO SOUTH WEST,True
Ashanti,Akrofuom,District,Ghana Statistical Service 2021 Census — Master Sheet.xlsx,DHS Ghana 1993–2022 subnational — water/toilet-facilities CSVs,DHS Ghana 1988–2022 subnational — diarrhea/child-mortality-rates/iycf/anemia CSVs,6.03262245,-1.67136425707588,16119,15681,37.0,44.2,14804,21116,9048,8443,16194,13524,1073,1009,49291,40.6,0.0,16.0,61.2,94.0,34.0,84.7,96.8,23.0,7.3,45.0,8.1,1.8,5.9,30.03,42.84,5247,0.589,49.31,AKROFUOM,Adansi Akrofuom,ADANSI AKROFUOM,True
Ashanti,Amansie Central,District,Ghana Statistical Service 2021 Census — Master Sheet.xlsx,DHS Ghana 1993–2022 subnational — water/toilet-facilities CSVs,DHS Ghana 1988–2022 subnational — diarrhea/child-mortality-rates/iycf/anemia CSVs,6.20744165,-1.82814118592735,33580,27066,28.6,43.3,27396,31633,16778,15628,29576,26490,2039,2541,93052,40.6,0.0,16.0,61.2,94.0,34.0,84.7,96.8,23.0,7.3,45.0,8.1,1.8,5.9,29.44,33.99,9722,0.578,44.63,AMANSIE CENTRAL,Amansie Central,AMANSIE CENTRAL,True
Ashanti,Amansie South,District,Ghana Statistical Service 2021 Census — Master Sheet.xlsx,DHS Ghana 1993–2022 subnational — water/toilet-facilities CSVs,DHS Ghana 1988–2022 subnational — diarrhea/child-mortality-rates/iycf/anemia CSVs,6.30802585,-2.01186652006877,41010,34389,30.3,44.4,34142,54471,19293,18463,38951,33050,1531,1867,113155,40.6,0.0,16.0,61.2,94.0,34.0,84.7,96.8,23.0,7.3,45.0,8.1,1.8,5.9,30.17,48.14,11327,0.524,45.61,AMANSIE SOUTH,Amansie South,AMANSIE SOUTH,True
Ashanti,Amansie West,District,Ghana Statistical Service 2021 Census — Master Sheet.xlsx,DHS Ghana 1993–2022 subnational — water/toilet-facilities CSVs,DHS Ghana 1988–2022 subnational — diarrhea/child-mortality-rates/iycf/anemia CSVs,6.43975084999999,-1.85237045719587,34157,37321,31.0,44.7,30406,48450,20820,20329,35110,32074,1803,2491,112627,40.6,0.0,16.0,61.2,94.0,34.0,84.7,96.8,23.0,7.3,45.0,8.1,1.8,5.9,27.0,43.02,12345,0.612,52.21,AMANSIE WEST,Amansie West,AMANSIE WEST,True
Ashanti,Asante Akim Central Municipal,Municipal,Ghana Statistical Service 2021 Census — Master Sheet.xlsx,DHS Ghana 1993–2022 subnational — water/toilet-facilities CSVs,DHS Ghana 1988–2022 subnational — diarrhea/child-mortality-rates/iycf/anemia CSVs,6.56465915,-1.25347851347396,29453,30820,16.9,42.6,15786,18044,15871,15529,27013,29228,1623,2409,91673,40.6,0.0,16.0,61.2,94.0,34.0,84.7,96.8,23.0,7.3,45.0,8.1,1.8,5.9,17.22,19.68,9420,0.558,51.13,ASANTE AKIM CENTRAL,Asante Akim Central Municipal,ASANTE AKIM CENTRAL,True
Ashanti,Asante Akim North Municipal,Municipal,Ghana Statistical Service 2021 Census — Master Sheet.xlsx,DHS Ghana 1993–2022 subnational — water/toilet-facilities CSVs,DHS Ghana 1988–2022 subnational — diarrhea/child-mortality-rates/iycf/anemia CSVs,6.906722,-0.958978,29855,26615,26.0,42.1,20318,28968,14574,14158,25316,26886,1799,2469,85202,40.6,0.0,16.0,61.2,94.0,34.0,84.7,96.8,23.0,7.3,45.0,8.1,1.8,5.9,23.85,34.0,8620,0.55,47.13,ASANTE AKIM NORTH,Asante Akim North Municipal,ASANTE AKIM NORTH,True
Ashanti,Asante Akim South Municipal,Municipal,Ghana Statistical Service 2021 Census — Master Sheet.xlsx,DHS Ghana 1993–2022 subnational — water/toilet-facilities CSVs,DHS Ghana 1988–2022 subnational — diarrhea/child-mortality-rates/iycf/anemia CSVs,6.46141735,-1.11533920112058,43495,33950,24.6,42.2,31673,40319,23973,22215,34657,35653,3085,4050,123633,40.6,0.0,16.0,61.2,94.0,34.0,84.7,96.8,23.0,7.3,45.0,8.1,1.8,5.9,25.62,32.61,13856,0.657,43.84,ASANTE AKIM SOUTH,Asante Akim South Municipal,ASANTE AKIM SOUTH,True
Ashanti,Asokore Mampong Municipal,Municipal,Ghana Statistical Service 2021 Census — Master Sheet.xlsx,DHS Ghana 1993–2022 subnational — water/toilet-facilities CSVs,DHS Ghana 1988–2022 subnational — diarrhea/child-mortality-rates/iycf/anemia CSVs,6.7077852,-1.5665013,66200,62382,11.3,42.7,37038,38807,31486,31334,58782,62187,3238,4375,191402,40.6,0.0,16.0,61.2,94.0,34.0,84.7,96.8,23.0,7.3,45.0,8.1,1.8,5.9,19.35,20.28,18846,0.519,48.52,ASOKORE MAMPONG,Asokore Mampong Municipal,ASOKORE MAMPONG,True
Ashanti,Asokwa Municipal,Municipal,Ghana Statistical Service 2021 Census — Master Sheet.xlsx,DHS Ghana 1993–2022 subnational — water/toilet-facilities CSVs,DHS Ghana 1988–2022 subnational — diarrhea/child-mortality-rates/iycf/anemia CSVs,6.6739843,-1.6026178,48298,38057,6.3,41.4,13484,17901,19479,19808,39593,41790,1928,3044,125642,40.6,0.0,16.0,61.2,94.0,34.0,84.7,96.8,23.0,7.3,45.0,8.1,1.8,5.9,10.73,14.25,11786,0.483,44.07,ASOKWA,Asokwa Municipal,ASOKWA,True
Ashanti,Atwima Kwanwoma,District,Ghana Statistical Service 2021 Census — Master Sheet.xlsx,DHS Ghana 1993–2022 subnational — water/toilet-facilities CSVs,DHS Ghana 1988–2022 subnational — diarrhea/child-mortality-rates/iycf/anemia CSVs,6.65,-1.73333,74959,74937,13.8,43.3,31864,61419,42664,42286,68316,73750,3143,4687,234846,40.6,0.0,16.0,61.2,94.0,34.0,84.7,96.8,23.0,7.3,45.0,8.1,1.8,5.9,13.57,26.15,25485,0.598,49.99,ATWIMA KWANWOMA,Atwima Kwanwoma,ATWIMA KWANWOMA,True
Ashanti,Atwima Mponua,District,Ghana Statistical Service 2021 Census — Master Sheet.xlsx,DHS Ghana 1993–2022 subnational — water/toilet-facilities CSVs,DHS Ghana 1988–2022 subnational — diarrhea/child-mortality-rates/iycf/anemia CSVs,6.5558963,-2.17659077213842,54588,42035,25.1,42.4,45371,37467,30112,28519,47076,43265,3047,3235,155254,40.6,0.0,16.0,61.2,94.0,34.0,84.7,96.8,23.0,7.3,45.0,8.1,1.8,5.9,29.22,24.13,17589,0.649,43.5,ATWIMA MPONUA,Atwima Mponua,ATWIMA MPONUA,True
Ashanti,Atwima Nwabiagya North,District,Ghana Statistical Service 2021 Census — Master Sheet.xlsx,DHS Ghana 1993–2022 subnational — water/toilet-facilities CSVs,DHS Ghana 1988–2022 subnational — diarrhea/child-mortality-rates/iycf/anemia CSVs,6.87764335,-1.74489585317473,48562,50393,13.5,43.1,24396,33196,28123,27947,46519,47225,2235,2976,155025,40.6,0.0,16.0,61.2,94.0,34.0,84.7,96.8,23.0,7.3,45.0,8.1,1.8,5.9,15.74,21.41,16821,0.598,50.93,ATWIMA NWABIAGYA NORTH,Atwima Nwabiagya North,ATWIMA NWABIAGYA NORTH,True
Ashanti,Atwima Nwabiagya South Municipal,Municipal,Ghana Statistical Service 2021 Census — Master Sheet.xlsx,DHS Ghana 1993–2022 subnational — water/toilet-facilities CSVs,DHS Ghana 1988–2022 subnational — diarrhea/child-mortality-rates/iycf/anemia CSVs,7.0689359,-2.0226618,54304,50942,12.5,43.0,22396,37941,28597,28050,47365,52189,2372,3320,161893,40.6,0.0,16.0,61.2,94.0,34.0,84.7,96.8,23.0,7.3,45.0,8.1,1.8,5.9,13.83,23.44,16994,0.569,48.4,ATWIMA NWABIAGYA SOUTH,Atwima Nwabiagya South Municipal,ATWIMA NWABIAGYA SOUTH,True
Ashanti,Bekwai Municipal,Municipal,Ghana Statistical Service 2021 Census — Master Sheet.xlsx,DHS Ghana 1993–2022 subnational — water/toilet-facilities CSVs,DHS Ghana 1988–2022 subnational — diarrhea/child-mortality-rates/iycf/anemia CSVs,6.43631235,-1.59282285301503,44017,45866,19.4,43.6,24658,38214,24713,23371,38899,43202,3004,4778,137967,40.6,0.0,16.0,61.2,94.0,34.0,84.7,96.8,23.0,7.3,45.0,8.1,1.8,5.9,17.87,27.7,14425,0.586,51.03,BEKWAI,Bekwai Municipal,BEKWAI,True
Ashanti,Bosome Freho,District,Ghana Statistical Service 2021 Census — Master Sheet.xlsx,DHS Ghana 1993–2022 subnational — water/toilet-facilities CSVs,DHS Ghana 1988–2022 subnational — diarrhea/child-mortality-rates/iycf/anemia CSVs,6.3681227,-1.36632312680072,22887,15579,31.3,41.0,17772,30539,12446,11347,17554,17537,1427,1948,62259,40.6,0.0,16.0,61.2,94.0,34.0,84.7,96.8,23.0,7.3,45.0,8.1,1.8,5.9,28.55,49.05,7138,0.678,40.5,BOSOME FREHO,Bosome Freho,BOSOME FREHO,True
Ashanti,Bosomtwi,District,Ghana Statistical Service 2021 Census — Master Sheet.xlsx,DHS Ghana 1993–2022 subnational — water/toilet-facilities CSVs,DHS Ghana 1988–2022 subnational — diarrhea/child-mortality-rates/iycf/anemia CSVs,6.1777503,-0.1969922,52679,52871,16.1,43.8,22913,46767,30581,29049,47098,51530,2749,4173,165180,40.6,0.0,16.0,61.2,94.0,34.0,84.7,96.8,23.0,7.3,45.0,8.1,1.8,5.9,13.87,28.31,17889,0.605,50.09,BOSOMTWI,Bosomtwe,BOSOMTWE,True
Ashanti,Ejisu Municipal,Municipal,Ghana Statistical Service 2021 Census — Master Sheet.xlsx,DHS Ghana 1993–2022 subnational — water/toilet-facilities CSVs,DHS Ghana 1988–2022 subnational — diarrhea/child-mortality-rates/iycf/anemia CSVs,6.7139918,-1.4665782,58604,59932,13.5,43.6,26943,39195,31700,30487,53047,57696,3089,4704,180723,40.6,0.0,16.0,61.2,94.0,34.0,84.7,96.8,23.0,7.3,45.0,8.1,1.8,5.9,14.91,21.69,18656,0.562,50.56,EJISU,Ejisu Municipal,EJISU,True
Ashanti,Ejura Sekyedumase Municipal,Municipal,Ghana Statistical Service 2021 Census — Master Sheet.xlsx,DHS Ghana 1993–2022 subnational — water/toilet-facilities CSVs,DHS Ghana 1988–2022 subnational — diarrhea/child-mortality-rates/iycf/anemia CSVs,7.38567515,-1.39945747215309,43982,38761,25.0,42.2,49399,46225,28117,26812,38155,39464,2279,2845,137672,40.6,0.0,16.0,61.2,94.0,34.0,84.7,96.8,23.0,7.3,45.0,8.1,1.8,5.9,35.88,33.58,16479,0.708,46.85,EJURA SEKYEDUMASE,Ejura Sekyedumase Municipal,EJURA SEKYEDUMASE,True
Ashanti,Juaben Municipal,Municipal,Ghana Statistical Service 2021 Census — Master Sheet.xlsx,DHS Ghana 1993–2022 subnational — water/toilet-facilities CSVs,DHS Ghana 1988–2022 subnational — diarrhea/child-mortality-rates/iycf/anemia CSVs,6.0721368,-0.260652306105858,21253,18934,20.9,43.1,14046,19449,12078,11664,17669,19128,1456,1934,63929,40.6,0.0,16.0,61.2,94.0,34.0,84.7,96.8,23.0,7.3,45.0,8.1,1.8,5.9,21.97,30.42,7123,0.645,47.11,JUABEN,Juaben Municipal,JUABEN,True
Ashanti,"Kumasi Metropolitan Area (KMA)-Bantama, Manhyia North, Manhyia South, Nhyiaeso, & Subin",Metropolitan,Ghana Statistical Service 2021 Census — Master Sheet.xlsx,DHS Ghana 1993–2022 subnational — water/toilet-facilities CSVs,DHS Ghana 1988–2022 subnational — diarrhea/child-mortality-rates/iycf/anemia CSVs,6.698152,-1.621229,164504,153397,8.9,42.3,48041,100117,62261,63783,144185,155625,7216,10875,443945,40.6,0.0,16.0,61.2,94.0,34.0,84.7,96.8,23.0,7.3,45.0,8.1,1.8,5.9,10.82,22.55,37813,0.42,48.25,KUMASI AREA (KMA) BANTAMA MANHYIA NORTH MANHYIA SOUTH NHYIAESO & SUBIN,Kumasi Metropolitan,KUMASI,True
Ashanti,Kwabre East,Municipal,Ghana Statistical Service 2021 Census — Master Sheet.xlsx,DHS Ghana 1993–2022 subnational — water/toilet-facilities CSVs,DHS Ghana 1988–2022 subnational — diarrhea/child-mortality-rates/iycf/anemia CSVs,6.7897864,-1.53792852576917,99847,89434,10.6,43.3,38251,72440,54194,53339,85713,93804,3777,5987,296814,40.6,0.0,16.0,61.2,94.0,34.0,84.7,96.8,23.0,7.3,45.0,8.1,1.8,5.9,12.89,24.41,32260,0.599,47.25,KWABRE EAST,Kwabre East,KWABRE EAST,True
Ashanti,Kwadaso Municipal,Municipal,Ghana Statistical Service 2021 Census — Master Sheet.xlsx,DHS Ghana 1993–2022 subnational — water/toilet-facilities CSVs,DHS Ghana 1988–2022 subnational — diarrhea/child-mortality-rates/iycf/anemia CSVs,6.68059249999999,-1.67467000057054,53272,55768,9.5,42.4,13021,33490,22551,22935,50312,52889,2342,3497,154526,40.6,0.0,16.0,61.2,94.0,34.0,84.7,96.8,23.0,7.3,45.0,8.1,1.8,5.9,8.43,21.67,13646,0.441,51.14,KWADASO,Kwadaso Municipal,KWADASO,True
Ashanti,Mampong Municipal,Municipal,Ghana Statistical Service 2021 Census — Master Sheet.xlsx,DHS Ghana 1993–2022 subnational — water/toilet-facilities CSVs,DHS Ghana 1988–2022 subnational — diarrhea/child-mortality-rates/iycf/anemia CSVs,7.056139,-1.40425,35620,41077,22.5,42.6,24107,34749,20344,19591,34298,36738,2323,3338,116632,40.6,0.0,16.0,61.2,94.0,34.0,84.7,96.8,23.0,7.3,45.0,8.1,1.8,5.9,20.67,29.79,11980,0.562,53.56,MAMPONG,Mampong Municipal,MAMPONG,True
Ashanti,Obuasi East,Municipal,Ghana Statistical Service 2021 Census — Master Sheet.xlsx,DHS Ghana 1993–2022 subnational — water/toilet-facilities CSVs,DHS Ghana 1988–2022 subnational — diarrhea/child-mortality-rates/iycf/anemia CSVs,6.1796409,-1.60356394182495,29615,31180,13.1,42.7,14306,16076,15730,15876,27879,29934,1318,1664,92401,40.6,0.0,16.0,61.2,94.0,34.0,84.7,96.8,23.0,7.3,45.0,8.1,1.8,5.9,15.48,17.4,9482,0.547,51.29,OBUASI EAST,Obuasi East,OBUASI EAST,True
Ashanti,Obuasi Municipal,Municipal,Ghana Statistical Service 2021 Census — Master Sheet.xlsx,DHS Ghana 1993–2022 subnational — water/toilet-facilities CSVs,DHS Ghana 1988–2022 subnational — diarrhea/child-mortality-rates/iycf/anemia CSVs,6.211542,-1.6894045,36104,34814,11.1,42.8,12845,20504,16924,16455,33517,34084,1444,1873,104297,40.6,0.0,16.0,61.2,94.0,34.0,84.7,96.8,23.0,7.3,45.0,8.1,1.8,5.9,12.32,19.66,10014,0.494,49.09,OBUASI,Obuasi Municipal,OBUASI,True
Ashanti,Offinso Municipal,Municipal,Ghana Statistical Service 2021 Census — Master Sheet.xlsx,DHS Ghana 1993–2022 subnational — water/toilet-facilities CSVs,DHS Ghana 1988–2022 subnational — diarrhea/child-mortality-rates/iycf/anemia CSVs,7.05794129999999,-1.73462655987467,42048,43960,23.5,42.8,34107,42296,26183,25081,38040,42369,2346,3253,137272,40.6,0.0,16.0,61.2,94.0,34.0,84.7,96.8,23.0,7.3,45.0,8.1,1.8,5.9,24.85,30.81,15379,0.638,51.11,OFFINSO,Offinso Municipal,OFFINSO,True
Ashanti,Offinso North,District,Ghana Statistical Service 2021 Census — Master Sheet.xlsx,DHS Ghana 1993–2022 subnational — water/toilet-facilities CSVs,DHS Ghana 1988–2022 subnational — diarrhea/child-mortality-rates/iycf/anemia CSVs,7.27974815,-1.79832745610104,28302,22051,34.3,41.5,31198,27930,16942,16145,22483,24424,1532,1914,83440,40.6,0.0,16.0,61.2,94.0,34.0,84.7,96.8,23.0,7.3,45.0,8.1,1.8,5.9,37.39,33.47,9926,0.705,43.79,OFFINSO NORTH,Offinso North,OFFINSO NORTH,True
Ashanti,Oforikrom Municipal,Municipal,Ghana Statistical Service 2021 Census — Master Sheet.xlsx,DHS Ghana 1993–2022 subnational — water/toilet-facilities CSVs,DHS Ghana 1988–2022 subnational — diarrhea/child-mortality-rates/iycf/anemia CSVs,6.672717,-1.5504236985326,64286,95659,10.0,42.8,21529,49047,26682,26499,77870,75115,2874,4086,213126,40.6,0.0,16.0,61.2,94.0,34.0,84.7,96.8,23.0,7.3,45.0,8.1,1.8,5.9,10.1,23.01,15954,0.348,59.81,OFORIKROM,Oforikrom Municipal,OFORIKROM,True
Ashanti,Old Tafo Municipal,Municipal,Ghana Statistical Service 2021 Census — Master Sheet.xlsx,DHS Ghana 1993–2022 subnational — water/toilet-facilities CSVs,DHS Ghana 1988–2022 subnational — diarrhea/child-mortality-rates/iycf/anemia CSVs,6.74083555,-1.60465968075918,42408,35138,9.2,42.9,13412,28189,18483,18339,34972,38512,1631,2431,114368,40.6,0.0,16.0,61.2,94.0,34.0,84.7,96.8,23.0,7.3,45.0,8.1,1.8,5.9,11.73,24.65,11047,0.501,45.31,OLD TAFO,Old Tafo Municipal,OLD TAFO,True
Ashanti,Sekyere Afram Plains,District,Ghana Statistical Service 2021 Census — Master Sheet.xlsx,DHS Ghana 1993–2022 subnational — water/toilet-facilities CSVs,DHS Ghana 1988–2022 subnational — diarrhea/child-mortality-rates/iycf/anemia CSVs,7.20286155,-0.592081996515861,10858,7985,50.5,40.8,17179,21066,7452,6931,9951,8183,410,299,33226,40.6,0.0,16.0,61.2,94.0,34.0,84.7,96.8,23.0,7.3,45.0,8.1,1.8,5.9,51.7,63.4,4315,0.793,42.38,SEKYERE AFRAM PLAINS,Sekyere Afram Plains North,SEKYERE AFRAM PLAINS NORTH,True
Ashanti,Sekyere Central,District,Ghana Statistical Service 2021 Census — Master Sheet.xlsx,DHS Ghana 1993–2022 subnational — water/toilet-facilities CSVs,DHS Ghana 1988–2022 subnational — diarrhea/child-mortality-rates/iycf/anemia CSVs,7.21625465,-1.09955606489201,23803,21724,39.8,42.4,24179,38329,14277,13424,20482,20859,1731,2455,73228,40.6,0.0,16.0,61.2,94.0,34.0,84.7,96.8,23.0,7.3,45.0,8.1,1.8,5.9,33.02,52.34,8310,0.67,47.72,SEKYERE CENTRAL,Sekyere Central,SEKYERE CENTRAL,True
Ashanti,Sekyere East,District,Ghana Statistical Service 2021 Census — Master Sheet.xlsx,DHS Ghana 1993–2022 subnational — water/toilet-facilities CSVs,DHS Ghana 1988–2022 subnational — diarrhea/child-mortality-rates/iycf/anemia CSVs,6.77947295,-1.29935419961981,23709,24423,17.3,42.5,12874,17639,13736,12921,20506,23780,1489,2357,74789,40.6,0.0,16.0,61.2,94.0,34.0,84.7,96.8,23.0,7.3,45.0,8.1,1.8,5.9,17.21,23.59,7997,0.602,50.74,SEKYERE EAST,Sekyere East,SEKYERE EAST,True
Ashanti,Sekyere Kumawu,District,Ghana Statistical Service 2021 Census — Master Sheet.xlsx,DHS Ghana 1993–2022 subnational — water/toilet-facilities CSVs,DHS Ghana 1988–2022 subnational — diarrhea/child-mortality-rates/iycf/anemia CSVs,6.9098849,-1.23942940155571,20110,20475,23.9,42.9,13090,23038,12071,11740,17308,19228,1511,2538,64396,40.6,0.0,16.0,61.2,94.0,34.0,84.7,96.8,23.0,7.3,45.0,8.1,1.8,5.9,20.33,35.78,7143,0.652,50.45,SEKYERE KUMAWU,Sekyere Kumawu,SEKYERE KUMAWU,True
Ashanti,Sekyere South,District,Ghana Statistical Service 2021 Census — Master Sheet.xlsx,DHS Ghana 1993–2022 subnational — water/toilet-facilities CSVs,DHS Ghana 1988–2022 subnational — diarrhea/child-mortality-rates/iycf/anemia CSVs,6.99532965,-1.50292100938884,36646,41020,22.6,42.8,21298,32338,21744,20666,33678,37497,2643,3848,120076,40.6,0.0,16.0,61.2,94.0,34.0,84.7,96.8,23.0,7.3,45.0,8.1,1.8,5.9,17.74,26.93,12723,0.596,52.82,SEKYERE SOUTH,Sekyere South,SEKYERE SOUTH,True
Ashanti,Suame Municipal,Municipal,Ghana Statistical Service 2021 Census — Master Sheet.xlsx,DHS Ghana 1993–2022 subnational — water/toilet-facilities CSVs,DHS Ghana 1988–2022 subnational — diarrhea/child-mortality-rates/iycf/anemia CSVs,6.738487,-1.62476687694823,52028,40036,8.7,42.7,14098,32285,21799,22427,41237,46222,1842,2763,136290,40.6,0.0,16.0,61.2,94.0,34.0,84.7,96.8,23.0,7.3,45.0,8.1,1.8,5.9,10.34,23.69,13268,0.506,43.49,SUAME,Suame Municipal,SUAME,True
Bono,Banda,District,Ghana Statistical Service 2021 Census — Master Sheet.xlsx,DHS Ghana 1993–2022 subnational — water/toilet-facilities CSVs,DHS Ghana 1988–2022 subnational — diarrhea/child-mortality-rates/iycf/anemia CSVs,8.1645269,-2.3569966,7746,10025,35.7,43.7,11732,6648,5465,4943,8765,7659,583,764,28179,40.1,0.0,8.1,63.5,97.8,24.0,71.3,92.2,13.0,12.4,36.0,16.2,1.2,1.1,41.63,23.59,3122,0.634,56.41,BANDA,Banda,BANDA,True
Bono,Berekum East Municipal,Municipal,Ghana Statistical Service 2021 Census — Master Sheet.xlsx,DHS Ghana 1993–2022 subnational — water/toilet-facilities CSVs,DHS Ghana 1988–2022 subnational — diarrhea/child-mortality-rates/iycf/anemia CSVs,7.4848835,-2.56459096524003,35109,37059,12.6,41.7,15663,12247,17184,16900,31142,36153,1837,3036,106252,40.1,0.0,8.1,63.5,97.8,24.0,71.3,92.2,13.0,12.4,36.0,16.2,1.2,1.1,14.74,11.53,10225,0.506,51.35,BEREKUM EAST,Berekum East Municipal,BEREKUM EAST,True
Bono,Berekum West,District,Ghana Statistical Service 2021 Census — Master Sheet.xlsx,DHS Ghana 1993–2022 subnational — water/toilet-facilities CSVs,DHS Ghana 1988–2022 subnational — diarrhea/child-mortality-rates/iycf/anemia CSVs,7.47199419999999,-2.71078914019081,16162,16585,14.8,41.6,11329,6176,8505,8212,14064,15958,1024,1701,49464,40.1,0.0,8.1,63.5,97.8,24.0,71.3,92.2,13.0,12.4,36.0,16.2,1.2,1.1,22.9,12.49,5015,0.557,50.65,BEREKUM WEST,Berekum West,BEREKUM WEST,True
Bono,Dormaa Central Municipal,Municipal,Ghana Statistical Service 2021 Census — Master Sheet.xlsx,DHS Ghana 1993–2022 subnational — water/toilet-facilities CSVs,DHS Ghana 1988–2022 subnational — diarrhea/child-mortality-rates/iycf/anemia CSVs,7.23948645,-2.85657511014467,39452,35163,15.8,41.7,24994,19538,19428,18659,33320,35322,2360,3613,112702,40.1,0.0,8.1,63.5,97.8,24.0,71.3,92.2,13.0,12.4,36.0,16.2,1.2,1.1,22.18,17.34,11426,0.555,47.13,DORMAA CENTRAL,Dormaa Municipal,DORMAA,True
Bono,Dormaa East,District,Ghana Statistical Service 2021 Census — Master Sheet.xlsx,DHS Ghana 1993–2022 subnational — water/toilet-facilities CSVs,DHS Ghana 1988–2022 subnational — diarrhea/child-mortality-rates/iycf/anemia CSVs,7.26432845,-2.64146295349265,22570,22261,19.5,41.7,16759,9261,11782,11286,19943,21068,1611,2209,67899,40.1,0.0,8.1,63.5,97.8,24.0,71.3,92.2,13.0,12.4,36.0,16.2,1.2,1.1,24.68,13.64,6920,0.562,49.66,DORMAA EAST,Dormaa East,DORMAA EAST,True
Bono,Dormaa West,District,Ghana Statistical Service 2021 Census — Master Sheet.xlsx,DHS Ghana 1993–2022 subnational — water/toilet-facilities CSVs,DHS Ghana 1988–2022 subnational — diarrhea/child-mortality-rates/iycf/anemia CSVs,6.97538415,-2.9463116043167,17716,12431,23.2,40.8,14423,9745,9360,8406,15341,13222,821,763,47913,40.1,0.0,8.1,63.5,97.8,24.0,71.3,92.2,13.0,12.4,36.0,16.2,1.2,1.1,30.1,20.34,5330,0.622,41.23,DORMAA WEST,Dormaa West,DORMAA WEST,True
Bono,Jaman North,District,Ghana Statistical Service 2021 Census — Master Sheet.xlsx,DHS Ghana 1993–2022 subnational — water/toilet-facilities CSVs,DHS Ghana 1988–2022 subnational — diarrhea/child-mortality-rates/iycf/anemia CSVs,7.9132614,-2.69723280400663,36119,38856,14.5,42.4,30773,8231,21157,20397,34679,35066,2077,3153,116529,40.1,0.0,8.1,63.5,97.8,24.0,71.3,92.2,13.0,12.4,36.0,16.2,1.2,1.1,26.41,7.06,12466,0.596,51.83,JAMAN NORTH,Jaman North,JAMAN NORTH,True
Bono,Jaman South,Municipal,Ghana Statistical Service 2021 Census — Master Sheet.xlsx,DHS Ghana 1993–2022 subnational — water/toilet-facilities CSVs,DHS Ghana 1988–2022 subnational — diarrhea/child-mortality-rates/iycf/anemia CSVs,7.62036559999999,-2.7963718064665,35814,35016,15.6,42.1,28919,9686,19952,18986,31156,34312,2169,3193,109768,40.1,0.0,8.1,63.5,97.8,24.0,71.3,92.2,13.0,12.4,36.0,16.2,1.2,1.1,26.35,8.82,11681,0.595,49.44,JAMAN SOUTH,Jaman South,JAMAN SOUTH,True
Bono,Sunyani Municipal,Municipal,Ghana Statistical Service 2021 Census — Master Sheet.xlsx,DHS Ghana 1993–2022 subnational — water/toilet-facilities CSVs,DHS Ghana 1988–2022 subnational — diarrhea/child-mortality-rates/iycf/anemia CSVs,7.3384389,-2.3309226,64799,68142,10.9,41.5,28006,21645,30599,30055,62754,63470,3005,3712,193595,40.1,0.0,8.1,63.5,97.8,24.0,71.3,92.2,13.0,12.4,36.0,16.2,1.2,1.1,14.47,11.18,18196,0.481,51.26,SUNYANI,Sunyani Municipal,SUNYANI,True
Bono,Sunyani West Municipal,Municipal,Ghana Statistical Service 2021 Census — Master Sheet.xlsx,DHS Ghana 1993–2022 subnational — water/toilet-facilities CSVs,DHS Ghana 1988–2022 subnational — diarrhea/child-mortality-rates/iycf/anemia CSVs,7.35779433737633,-2.34687996021684,40876,51557,17.6,43.1,28330,21227,22089,21500,42769,43997,2393,3274,136022,40.1,0.0,8.1,63.5,97.8,24.0,71.3,92.2,13.0,12.4,36.0,16.2,1.2,1.1,20.83,15.61,13077,0.502,55.78,SUNYANI WEST,Sunyani West Municipal,SUNYANI WEST,True
Bono,Tain,District,Ghana Statistical Service 2021 Census — Master Sheet.xlsx,DHS Ghana 1993–2022 subnational — water/toilet-facilities CSVs,DHS Ghana 1988–2022 subnational — diarrhea/child-mortality-rates/iycf/anemia CSVs,7.9614185,-2.1422727,39176,34283,21.5,41.9,42235,22022,21764,20345,34230,33737,2388,3104,115568,40.1,0.0,8.1,63.5,97.8,24.0,71.3,92.2,13.0,12.4,36.0,16.2,1.2,1.1,36.55,19.06,12633,0.62,46.67,TAIN,Tain,TAIN,True
Bono,Wenchi Municipal,Municipal,Ghana Statistical Service 2021 Census — Master Sheet.xlsx,DHS Ghana 1993–2022 subnational — water/toilet-facilities CSVs,DHS Ghana 1988–2022 subnational — diarrhea/child-mortality-rates/iycf/anemia CSVs,7.80281055,-2.08141333112632,38543,39547,23.6,42.2,42124,25271,23537,23131,35042,37424,2381,3243,124758,40.1,0.0,8.1,63.5,97.8,24.0,71.3,92.2,13.0,12.4,36.0,16.2,1.2,1.1,33.76,20.26,14000,0.644,50.64,WENCHI,Wenchi Municipal,WENCHI,True
Bono East,Atebubu Amantin Municipal,Municipal,Ghana Statistical Service 2021 Census — Master Sheet.xlsx,DHS Ghana 1993–2022 subnational — water/toilet-facilities CSVs,DHS Ghana 1988–2022 subnational — diarrhea/child-mortality-rates/iycf/anemia CSVs,7.72813859999999,-1.09550967027384,47541,38871,28.8,41.5,59415,36951,29821,28714,41262,40752,1910,2488,144947,51.4,0.7,15.3,70.6,97.6,36.0,57.2,86.4,24.0,35.2,48.0,7.7,1.0,1.6,40.99,25.49,17560,0.714,44.98,ATEBUBU AMANTIN,Atebubu Amantin Municipal,ATEBUBU AMANTIN,True
Bono East,Kintampo North Municipal,Municipal,Ghana Statistical Service 2021 Census — Master Sheet.xlsx,DHS Ghana 1993–2022 subnational — water/toilet-facilities CSVs,DHS Ghana 1988–2022 subnational — diarrhea/child-mortality-rates/iycf/anemia CSVs,8.053714,-1.728919,40030,45840,28.1,43.4,56833,30289,27626,26754,39911,40681,2394,2884,140250,51.4,0.7,15.3,70.6,97.6,36.0,57.2,86.4,24.0,35.2,48.0,7.7,1.0,1.6,40.52,21.6,16314,0.675,53.38,KINTAMPO NORTH,Kintampo North Municipal,KINTAMPO NORTH,True
Bono East,Kintampo South,District,Ghana Statistical Service 2021 Census — Master Sheet.xlsx,DHS Ghana 1993–2022 subnational — water/toilet-facilities CSVs,DHS Ghana 1988–2022 subnational — diarrhea/child-mortality-rates/iycf/anemia CSVs,7.94321545,-1.73400515142892,28927,25110,26.0,42.3,35811,16394,17639,16708,25454,24559,1961,2063,88384,51.4,0.7,15.3,70.6,97.6,36.0,57.2,86.4,24.0,35.2,48.0,7.7,1.0,1.6,40.52,18.55,10304,0.687,46.47,KINTAMPO SOUTH,Kintampo South,KINTAMPO SOUTH,True
Bono East,Nkoranza North,District,Ghana Statistical Service 2021 Census — Master Sheet.xlsx,DHS Ghana 1993–2022 subnational — water/toilet-facilities CSVs,DHS Ghana 1988–2022 subnational — diarrhea/child-mortality-rates/iycf/anemia CSVs,7.7184776,-1.64389618122841,18832,16615,25.8,41.4,19620,10022,10941,10080,16455,15957,1348,1687,56468,51.4,0.7,15.3,70.6,97.6,36.0,57.2,86.4,24.0,35.2,48.0,7.7,1.0,1.6,34.75,17.75,6306,0.649,46.87,NKORANZA NORTH,Nkoranza North,NKORANZA NORTH,True
Bono East,Nkoranza South Municipal,Municipal,Ghana Statistical Service 2021 Census — Master Sheet.xlsx,DHS Ghana 1993–2022 subnational — water/toilet-facilities CSVs,DHS Ghana 1988–2022 subnational — diarrhea/child-mortality-rates/iycf/anemia CSVs,7.45296465,-1.67701851419084,38611,33973,18.0,41.6,34349,16840,21684,20374,33264,34501,2164,2655,114642,51.4,0.7,15.3,70.6,97.6,36.0,57.2,86.4,24.0,35.2,48.0,7.7,1.0,1.6,29.96,14.69,12617,0.621,46.81,NKORANZA SOUTH,Nkoranza South Municipal,NKORANZA SOUTH,True
Bono East,Pru East,District,Ghana Statistical Service 2021 Census — Master Sheet.xlsx,DHS Ghana 1993–2022 subnational — water/toilet-facilities CSVs,DHS Ghana 1988–2022 subnational — diarrhea/child-mortality-rates/iycf/anemia CSVs,7.9636217,-0.9549861,32906,27206,30.3,41.2,44232,28477,20812,19916,28721,28766,1175,1450,100840,51.4,0.7,15.3,70.6,97.6,36.0,57.2,86.4,24.0,35.2,48.0,7.7,1.0,1.6,43.86,28.24,12218,0.708,45.26,PRU EAST,Pru East,PRU EAST,True
Bono East,Pru West,District,Ghana Statistical Service 2021 Census — Master Sheet.xlsx,DHS Ghana 1993–2022 subnational — water/toilet-facilities CSVs,DHS Ghana 1988–2022 subnational — diarrhea/child-mortality-rates/iycf/anemia CSVs,8.03487795,-1.31329234137589,23430,18389,38.3,40.8,33051,28780,14399,13602,20066,19335,1124,1294,69820,51.4,0.7,15.3,70.6,97.6,36.0,57.2,86.4,24.0,35.2,48.0,7.7,1.0,1.6,47.34,41.22,8400,0.711,43.97,PRU WEST,Pru West,PRU WEST,True
Bono East,Sene East,District,Ghana Statistical Service 2021 Census — Master Sheet.xlsx,DHS Ghana 1993–2022 subnational — water/toilet-facilities CSVs,DHS Ghana 1988–2022 subnational — diarrhea/child-mortality-rates/iycf/anemia CSVs,7.6658435,-0.182426172494555,23216,17927,49.5,41.5,35965,31452,16311,14627,21108,18084,1014,937,72081,51.4,0.7,15.3,70.6,97.6,36.0,57.2,86.4,24.0,35.2,48.0,7.7,1.0,1.6,49.9,43.63,9281,0.789,43.57,SENE EAST,Sene East,SENE EAST,True
Bono East,Sene West,District,Ghana Statistical Service 2021 Census — Master Sheet.xlsx,DHS Ghana 1993–2022 subnational — water/toilet-facilities CSVs,DHS Ghana 1988–2022 subnational — diarrhea/child-mortality-rates/iycf/anemia CSVs,7.74897775,-0.618112944814146,25949,16360,26.8,41.0,33389,14249,14065,13730,20496,19425,1064,1324,70104,51.4,0.7,15.3,70.6,97.6,36.0,57.2,86.4,24.0,35.2,48.0,7.7,1.0,1.6,47.63,20.33,8338,0.696,38.67,SENE WEST,Sene West,SENE WEST,True
Bono East,Techiman Municipal,Municipal,Ghana Statistical Service 2021 Census — Master Sheet.xlsx,DHS Ghana 1993–2022 subnational — water/toilet-facilities CSVs,DHS Ghana 1988–2022 subnational — diarrhea/child-mortality-rates/iycf/anemia CSVs,7.5279454,-1.97466940505838,89186,68047,9.8,41.4,57462,28058,43306,42796,71814,77235,3579,4605,243335,51.4,0.7,15.3,70.6,97.6,36.0,57.2,86.4,24.0,35.2,48.0,7.7,1.0,1.6,23.61,11.53,25831,0.578,43.28,TECHIMAN,Techiman Municipal,TECHIMAN,True
Bono East,Techiman North,District,Ghana Statistical Service 2021 Census — Master Sheet.xlsx,DHS Ghana 1993–2022 subnational — water/toilet-facilities CSVs,DHS Ghana 1988–2022 subnational — diarrhea/child-mortality-rates/iycf/anemia CSVs,7.70365499999999,-1.98577027897075,34326,31765,15.0,41.8,27555,15369,18455,17983,30106,31934,1687,2364,102529,51.4,0.7,15.3,70.6,97.6,36.0,57.2,86.4,24.0,35.2,48.0,7.7,1.0,1.6,26.88,14.99,10931,0.587,48.06,TECHIMAN NORTH,Techiman North,TECHIMAN NORTH,True
Central,Abura Asebu Kwamankese,District,Ghana Statistical Service 2021 Census — Master Sheet.xlsx,DHS Ghana 1993–2022 subnational — water/toilet-facilities CSVs,DHS Ghana 1988–2022 subnational — diarrhea/child-mortality-rates/iycf/anemia CSVs,5.2698722,-1.18890498156872,39299,40203,28.0,44.1,33503,44229,22987,21976,33681,37927,2976,4918,124465,44.7,0.3,15.3,51.5,97.1,34.0,72.0,91.8,14.0,12.6,46.0,15.4,0.7,2.1,26.92,35.54,13489,0.628,50.57,ABURA ASEBU KWAMANKESE,Abura Asebu Kwamankese,ABURA ASEBU KWAMANKESE,True
Central,Agona East,District,Ghana Statistical Service 2021 Census — Master Sheet.xlsx,DHS Ghana 1993–2022 subnational — water/toilet-facilities CSVs,DHS Ghana 1988–2022 subnational — diarrhea/child-mortality-rates/iycf/anemia CSVs,5.63553575,-0.654757357749996,32681,31928,25.9,43.6,22438,53181,17280,16748,27957,31096,2242,3314,98637,44.7,0.3,15.3,51.5,97.1,34.0,72.0,91.8,14.0,12.6,46.0,15.4,0.7,2.1,22.75,53.92,10208,0.576,49.42,AGONA EAST,Agona East,AGONA EAST,True
Central,Agona West Municipal,Municipal,Ghana Statistical Service 2021 Census — Master Sheet.xlsx,DHS Ghana 1993–2022 subnational — water/toilet-facilities CSVs,DHS Ghana 1988–2022 subnational — diarrhea/child-mortality-rates/iycf/anemia CSVs,4.8901537,-1.9664135,47040,43603,21.0,43.7,26617,49785,23329,22597,39083,44191,2961,4408,136569,44.7,0.3,15.3,51.5,97.1,34.0,72.0,91.8,14.0,12.6,46.0,15.4,0.7,2.1,19.49,36.45,13778,0.552,48.1,AGONA WEST,Agona West Municipal,AGONA WEST,True
Central,Ajumako Enyan Essiam,District,Ghana Statistical Service 2021 Census — Master Sheet.xlsx,DHS Ghana 1993–2022 subnational — water/toilet-facilities CSVs,DHS Ghana 1988–2022 subnational — diarrhea/child-mortality-rates/iycf/anemia CSVs,5.41243515,-0.984801059019988,38466,38589,29.6,43.5,29157,49126,22490,21041,31659,36846,3112,5438,120586,44.7,0.3,15.3,51.5,97.1,34.0,72.0,91.8,14.0,12.6,46.0,15.4,0.7,2.1,24.18,40.74,13059,0.635,50.08,AJUMAKO ENYAN ESSIAM,Ajumako Enyan Essiam,AJUMAKO ENYAN ESSIAM,True
Central,Asikuma Odoben Brakwa,District,Ghana Statistical Service 2021 Census — Master Sheet.xlsx,DHS Ghana 1993–2022 subnational — water/toilet-facilities CSVs,DHS Ghana 1988–2022 subnational — diarrhea/child-mortality-rates/iycf/anemia CSVs,5.62649825,-1.02551876426311,43495,36507,29.0,42.3,32209,46532,24263,22728,34621,38201,2939,4241,126993,44.7,0.3,15.3,51.5,97.1,34.0,72.0,91.8,14.0,12.6,46.0,15.4,0.7,2.1,25.36,36.64,14097,0.645,45.63,ASIKUMA ODOBEN BRAKWA,Asikuma Odoben Brakwa,ASIKUMA ODOBEN BRAKWA,True
Central,Assin Central Municipal,Municipal,Ghana Statistical Service 2021 Census — Master Sheet.xlsx,DHS Ghana 1993–2022 subnational — water/toilet-facilities CSVs,DHS Ghana 1988–2022 subnational — diarrhea/child-mortality-rates/iycf/anemia CSVs,5.73294244999999,-1.31730368183195,31134,25993,18.1,42.8,12994,30642,15976,15650,26152,27674,1421,1880,88753,44.7,0.3,15.3,51.5,97.1,34.0,72.0,91.8,14.0,12.6,46.0,15.4,0.7,2.1,14.64,34.53,9488,0.588,45.5,ASSIN CENTRAL,Assin Fosu,ASSIN FOSU,True
Central,Assin North,District,Ghana Statistical Service 2021 Census — Master Sheet.xlsx,DHS Ghana 1993–2022 subnational — water/toilet-facilities CSVs,DHS Ghana 1988–2022 subnational — diarrhea/child-mortality-rates/iycf/anemia CSVs,5.82545685,-1.37392719579152,29624,21458,31.9,42.0,22155,38011,15174,14283,23465,23635,1830,2152,80539,44.7,0.3,15.3,51.5,97.1,34.0,72.0,91.8,14.0,12.6,46.0,15.4,0.7,2.1,27.51,47.2,8837,0.625,42.01,ASSIN NORTH,Assin North,ASSIN NORTH,True
Central,Assin South,District,Ghana Statistical Service 2021 Census — Master Sheet.xlsx,DHS Ghana 1993–2022 subnational — water/toilet-facilities CSVs,DHS Ghana 1988–2022 subnational — diarrhea/child-mortality-rates/iycf/anemia CSVs,5.52889644999999,-1.2709401638536,35793,29955,27.4,41.7,27205,38472,20688,19559,29056,31148,2339,3205,105995,44.7,0.3,15.3,51.5,97.1,34.0,72.0,91.8,14.0,12.6,46.0,15.4,0.7,2.1,25.67,36.3,12074,0.669,45.56,ASSIN SOUTH,Assin South,ASSIN SOUTH,True
Central,Awutu Senya West,District,Ghana Statistical Service 2021 Census — Master Sheet.xlsx,DHS Ghana 1993–2022 subnational — water/toilet-facilities CSVs,DHS Ghana 1988–2022 subnational — diarrhea/child-mortality-rates/iycf/anemia CSVs,5.61965885,-0.520145612112832,54977,45374,22.5,44.5,40850,92561,30859,30250,45045,49125,2315,3866,161460,44.7,0.3,15.3,51.5,97.1,34.0,72.0,91.8,14.0,12.6,46.0,15.4,0.7,2.1,25.3,57.33,18333,0.649,45.22,AWUTU SENYA WEST,Awutu Senya,AWUTU SENYA,True
Central,Awutu Senya East Municipal,Municipal,Ghana Statistical Service 2021 Census — Master Sheet.xlsx,DHS Ghana 1993–2022 subnational — water/toilet-facilities CSVs,DHS Ghana 1988–2022 subnational — diarrhea/child-mortality-rates/iycf/anemia CSVs,5.40379055,-0.518157686947431,84690,72118,10.6,42.9,24484,99262,39763,39956,72810,77543,2957,3498,236527,44.7,0.3,15.3,51.5,97.1,34.0,72.0,91.8,14.0,12.6,46.0,15.4,0.7,2.1,10.35,41.97,23916,0.53,45.99,AWUTU SENYA EAST,Awutu Senya East Municipal,AWUTU SENYA EAST,True
Central,Cape Cape Metropolitan Area (CCMA)-Cape Coast South & Cape Coast North,Metropolitan,Ghana Statistical Service 2021 Census — Master Sheet.xlsx,DHS Ghana 1993–2022 subnational — water/toilet-facilities CSVs,DHS Ghana 1988–2022 subnational — diarrhea/child-mortality-rates/iycf/anemia CSVs,5.1115501,-1.2484127,67570,65035,12.9,44.3,20509,51556,27622,27138,61645,64688,3523,2749,187365,44.7,0.3,15.3,51.5,97.1,34.0,72.0,91.8,14.0,12.6,46.0,15.4,0.7,2.1,10.95,27.52,16428,0.433,49.04,CAPE CAPE AREA (CCMA) CAPE COAST SOUTH & CAPE COAST NORTH,Cape Coast Metropolitan,CAPE COAST,True
Central,Effutu Municipal,Municipal,Ghana Statistical Service 2021 Census — Master Sheet.xlsx,DHS Ghana 1993–2022 subnational — water/toilet-facilities CSVs,DHS Ghana 1988–2022 subnational — diarrhea/child-mortality-rates/iycf/anemia CSVs,5.38339225,-0.597395635326539,27520,52842,21.7,44.2,20228,32581,14186,14268,39432,36492,1613,2825,108816,44.7,0.3,15.3,51.5,97.1,34.0,72.0,91.8,14.0,12.6,46.0,15.4,0.7,2.1,18.59,29.94,8536,0.375,65.75,EFFUTU,Effutu Municipal,EFFUTU,True
Central,Ekumfi,District,Ghana Statistical Service 2021 Census — Master Sheet.xlsx,DHS Ghana 1993–2022 subnational — water/toilet-facilities CSVs,DHS Ghana 1988–2022 subnational — diarrhea/child-mortality-rates/iycf/anemia CSVs,5.28914455,-0.908864632637807,17067,18338,31.5,45.6,18491,33670,10736,10600,14073,16944,1575,2813,56741,44.7,0.3,15.3,51.5,97.1,34.0,72.0,91.8,14.0,12.6,46.0,15.4,0.7,2.1,32.59,59.34,6401,0.688,51.79,EKUMFI,Ekumfi,EKUMFI,True
Central,Gomoa Central,District,Ghana Statistical Service 2021 Census — Master Sheet.xlsx,DHS Ghana 1993–2022 subnational — water/toilet-facilities CSVs,DHS Ghana 1988–2022 subnational — diarrhea/child-mortality-rates/iycf/anemia CSVs,5.47699369999999,-0.589745989100534,28310,24080,18.8,44.1,17534,37766,15233,14969,21856,26134,1504,2896,82592,44.7,0.3,15.3,51.5,97.1,34.0,72.0,91.8,14.0,12.6,46.0,15.4,0.7,2.1,21.23,45.73,9061,0.629,45.96,GOMOA CENTRAL,Gomoa Central,GOMOA CENTRAL,True
Central,Gomoa East,District,Ghana Statistical Service 2021 Census — Master Sheet.xlsx,DHS Ghana 1993–2022 subnational — water/toilet-facilities CSVs,DHS Ghana 1988–2022 subnational — diarrhea/child-mortality-rates/iycf/anemia CSVs,5.47699369999999,-0.589745989100534,101923,95607,14.4,43.7,43210,137369,55840,55327,93198,96950,3200,4182,308697,44.7,0.3,15.3,51.5,97.1,34.0,72.0,91.8,14.0,12.6,46.0,15.4,0.7,2.1,14.0,44.5,33350,0.585,48.4,GOMOA EAST,Gomoa East,GOMOA EAST,True
Central,Gomoa West,District,Ghana Statistical Service 2021 Census — Master Sheet.xlsx,DHS Ghana 1993–2022 subnational — water/toilet-facilities CSVs,DHS Ghana 1988–2022 subnational — diarrhea/child-mortality-rates/iycf/anemia CSVs,5.38725545,-0.833638570821268,41686,40125,28.3,44.4,39425,65362,24256,23445,32103,40607,3061,6040,129512,44.7,0.3,15.3,51.5,97.1,34.0,72.0,91.8,14.0,12.6,46.0,15.4,0.7,2.1,30.44,50.47,14310,0.656,49.05,GOMOA WEST,Gomoa West,GOMOA WEST,True
Central,Komenda Edina Eguafo Abirem Municipal,Municipal,Ghana Statistical Service 2021 Census — Master Sheet.xlsx,DHS Ghana 1993–2022 subnational — water/toilet-facilities CSVs,DHS Ghana 1988–2022 subnational — diarrhea/child-mortality-rates/iycf/anemia CSVs,5.1302015,-1.43995928979516,53152,53030,25.1,44.2,43258,75202,30377,29458,46636,50105,3557,5884,166017,44.7,0.3,15.3,51.5,97.1,34.0,72.0,91.8,14.0,12.6,46.0,15.4,0.7,2.1,26.06,45.3,17950,0.619,49.94,KOMENDA EDINA EGUAFO ABIREM,Komenda Edina Eguafo Abirem Municipal,KOMENDA EDINA EGUAFO ABIREM,True
Central,Mfantsiman Municipal,Municipal,Ghana Statistical Service 2021 Census — Master Sheet.xlsx,DHS Ghana 1993–2022 subnational — water/toilet-facilities CSVs,DHS Ghana 1988–2022 subnational — diarrhea/child-mortality-rates/iycf/anemia CSVs,5.27644145,-1.03472089878279,53153,55811,24.0,44.8,39497,67043,30395,29546,44225,55585,3413,5741,168905,44.7,0.3,15.3,51.5,97.1,34.0,72.0,91.8,14.0,12.6,46.0,15.4,0.7,2.1,23.38,39.69,17982,0.601,51.22,MFANTSIMAN,Mfantseman Municipal,MFANTSEMAN,True
Central,Twifo Ati Morkwa,District,Ghana Statistical Service 2021 Census — Master Sheet.xlsx,DHS Ghana 1993–2022 subnational — water/toilet-facilities CSVs,DHS Ghana 1988–2022 subnational — diarrhea/child-mortality-rates/iycf/anemia CSVs,5.61529845,-1.57822136908747,31704,30813,34.1,42.7,27448,44389,19741,18593,28331,30151,1926,2109,100851,44.7,0.3,15.3,51.5,97.1,34.0,72.0,91.8,14.0,12.6,46.0,15.4,0.7,2.1,27.22,44.01,11500,0.655,49.29,TWIFO ATI MORKWA,Twifo Atti-Morkwa,TWIFO ATTI MORKWA,True
Central,Twifo Heman Lower Denkyira,District,Ghana Statistical Service 2021 Census — Master Sheet.xlsx,DHS Ghana 1993–2022 subnational — water/toilet-facilities CSVs,DHS Ghana 1988–2022 subnational — diarrhea/child-mortality-rates/iycf/anemia CSVs,5.49471475,-1.53636464977824,22649,19075,32.1,42.4,17101,36601,12495,11856,19039,19664,1349,1672,66075,44.7,0.3,15.3,51.5,97.1,34.0,72.0,91.8,14.0,12.6,46.0,15.4,0.7,2.1,25.88,55.39,7305,0.629,45.72,TWIFO HEMAN LOWER DENKYIRA,Twifo Hemang Lower Denkyira,TWIFO HEMANG LOWER DENKYIRA,True
Central,Upper Denkyira East Municipal,Municipal,Ghana Statistical Service 2021 Census — Master Sheet.xlsx,DHS Ghana 1993–2022 subnational — water/toilet-facilities CSVs,DHS Ghana 1988–2022 subnational — diarrhea/child-mortality-rates/iycf/anemia CSVs,5.83523424999999,-1.73920835777296,34729,35865,24.3,43.8,23359,30732,20144,19403,33371,33259,1765,2199,110141,44.7,0.3,15.3,51.5,97.1,34.0,72.0,91.8,14.0,12.6,46.0,15.4,0.7,2.1,21.21,27.9,11864,0.594,50.8,UPPER DENKYIRA EAST,Upper Denkyira East Municipal,UPPER DENKYIRA EAST,True
Central,Upper Denkyira West,District,Ghana Statistical Service 2021 Census — Master Sheet.xlsx,DHS Ghana 1993–2022 subnational — water/toilet-facilities CSVs,DHS Ghana 1988–2022 subnational — diarrhea/child-mortality-rates/iycf/anemia CSVs,6.10783305,-2.06931071266353,33332,25814,24.5,43.6,25637,44004,16093,15786,30896,25738,1148,1364,91025,44.7,0.3,15.3,51.5,97.1,34.0,72.0,91.8,14.0,12.6,46.0,15.4,0.7,2.1,28.16,48.34,9564,0.563,43.64,UPPER DENKYIRA WEST,Upper Denkyira West,UPPER DENKYIRA WEST,True
Eastern,Abuakwa North Municipal,Municipal,Ghana Statistical Service 2021 Census — Master Sheet.xlsx,DHS Ghana 1993–2022 subnational — water/toilet-facilities CSVs,DHS Ghana 1988–2022 subnational — diarrhea/child-mortality-rates/iycf/anemia CSVs,6.2336986,-0.382588987736012,25086,26833,15.7,42.9,11029,15507,12352,11924,22357,24610,2063,2889,76195,38.3,0.4,9.2,48.3,97.0,26.0,74.7,88.7,15.0,6.0,42.0,19.3,2.0,4.0,14.47,20.35,7283,0.517,51.68,ABUAKWA NORTH,Abuakwa North Municipal,ABUAKWA NORTH,True
Eastern,Abuakwa South Municipal,Municipal,Ghana Statistical Service 2021 Census — Master Sheet.xlsx,DHS Ghana 1993–2022 subnational — water/toilet-facilities CSVs,DHS Ghana 1988–2022 subnational — diarrhea/child-mortality-rates/iycf/anemia CSVs,6.1727705,-0.470361048613095,29553,31123,21.1,43.4,17315,19569,14490,13885,27170,27633,2484,3389,89051,38.3,0.4,9.2,48.3,97.0,26.0,74.7,88.7,15.0,6.0,42.0,19.3,2.0,4.0,19.44,21.98,8512,0.518,51.29,ABUAKWA SOUTH,Abuakwa South Municipal,ABUAKWA SOUTH,True
Eastern,Achiase,District,Ghana Statistical Service 2021 Census — Master Sheet.xlsx,DHS Ghana 1993–2022 subnational — water/toilet-facilities CSVs,DHS Ghana 1988–2022 subnational — diarrhea/child-mortality-rates/iycf/anemia CSVs,5.8354534,-0.9966928,17382,18733,29.9,44.6,14484,17894,10513,9720,15422,17107,1477,2109,56348,38.3,0.4,9.2,48.3,97.0,26.0,74.7,88.7,15.0,6.0,42.0,19.3,2.0,4.0,25.7,31.76,6070,0.622,51.87,ACHIASE,Achiase,ACHIASE,True
Eastern,Akwapim North Municipal,Municipal,Ghana Statistical Service 2021 Census — Master Sheet.xlsx,DHS Ghana 1993–2022 subnational — water/toilet-facilities CSVs,DHS Ghana 1988–2022 subnational — diarrhea/child-mortality-rates/iycf/anemia CSVs,5.9014961,-0.14597334325382,30652,42982,20.1,43.2,15299,22608,16126,15555,30768,35625,2652,4589,105315,38.3,0.4,9.2,48.3,97.0,26.0,74.7,88.7,15.0,6.0,42.0,19.3,2.0,4.0,14.53,21.47,9504,0.477,58.37,AKWAPIM NORTH,Akwapem North,AKWAPEM NORTH,True
Eastern,Akwapim South Municipal,Municipal,Ghana Statistical Service 2021 Census — Master Sheet.xlsx,DHS Ghana 1993–2022 subnational — water/toilet-facilities CSVs,DHS Ghana 1988–2022 subnational — diarrhea/child-mortality-rates/iycf/anemia CSVs,8.25846,0.508747,25689,27716,19.4,43.5,11667,23583,11963,11554,23466,26024,1672,2243,76922,38.3,0.4,9.2,48.3,97.0,26.0,74.7,88.7,15.0,6.0,42.0,19.3,2.0,4.0,15.17,30.66,7055,0.475,51.9,AKWAPIM SOUTH,Akwapem South,AKWAPEM SOUTH,True
Eastern,Akyemansa,District,Ghana Statistical Service 2021 Census — Master Sheet.xlsx,DHS Ghana 1993–2022 subnational — water/toilet-facilities CSVs,DHS Ghana 1988–2022 subnational — diarrhea/child-mortality-rates/iycf/anemia CSVs,6.0815994,-1.11546439579942,32660,25244,23.6,42.4,25196,24107,17060,16074,25881,26687,2325,3011,91038,38.3,0.4,9.2,48.3,97.0,26.0,74.7,88.7,15.0,6.0,42.0,19.3,2.0,4.0,27.68,26.48,9940,0.63,43.6,AKYEMANSA,Akyem Mansa,AKYEM MANSA,True
Eastern,Asene Manso Akroso,District,Ghana Statistical Service 2021 Census — Master Sheet.xlsx,DHS Ghana 1993–2022 subnational — water/toilet-facilities CSVs,DHS Ghana 1988–2022 subnational — diarrhea/child-mortality-rates/iycf/anemia CSVs,5.85516295,-0.8089562448565,26201,23526,25.7,42.5,18687,23397,14244,13527,21551,23476,2013,2687,77498,38.3,0.4,9.2,48.3,97.0,26.0,74.7,88.7,15.0,6.0,42.0,19.3,2.0,4.0,24.11,30.19,8331,0.617,47.31,ASENE MANSO AKROSO,Asene Akroso Manso,ASENE AKROSO MANSO,True
Eastern,Asuogyaman,District,Ghana Statistical Service 2021 Census — Master Sheet.xlsx,DHS Ghana 1993–2022 subnational — water/toilet-facilities CSVs,DHS Ghana 1988–2022 subnational — diarrhea/child-mortality-rates/iycf/anemia CSVs,6.36279085,0.0952598707485648,32892,35186,21.8,43.1,18900,21671,16728,16450,29528,32546,2467,3537,101256,38.3,0.4,9.2,48.3,97.0,26.0,74.7,88.7,15.0,6.0,42.0,19.3,2.0,4.0,18.67,21.4,9953,0.534,51.68,ASUOGYAMAN,Asuogyaman,ASUOGYAMAN,True
Eastern,Atiwa East,District,Ghana Statistical Service 2021 Census — Master Sheet.xlsx,DHS Ghana 1993–2022 subnational — water/toilet-facilities CSVs,DHS Ghana 1988–2022 subnational — diarrhea/child-mortality-rates/iycf/anemia CSVs,6.3954833,-0.597296233359515,22465,19027,18.4,42.4,12972,11549,12055,11100,18975,18809,1641,2067,64647,38.3,0.4,9.2,48.3,97.0,26.0,74.7,88.7,15.0,6.0,42.0,19.3,2.0,4.0,20.07,17.86,6946,0.613,45.86,ATIWA EAST,Atiwa East,ATIWA EAST,True
Eastern,Atiwa West,District,Ghana Statistical Service 2021 Census — Master Sheet.xlsx,DHS Ghana 1993–2022 subnational — water/toilet-facilities CSVs,DHS Ghana 1988–2022 subnational — diarrhea/child-mortality-rates/iycf/anemia CSVs,6.20778059999999,-0.635808682575408,22581,16870,18.9,42.5,12526,18236,11218,10550,18405,17234,1665,2147,61219,38.3,0.4,9.2,48.3,97.0,26.0,74.7,88.7,15.0,6.0,42.0,19.3,2.0,4.0,20.46,29.79,6530,0.611,42.76,ATIWA WEST,Atiwa West,ATIWA WEST,True
Eastern,Ayensuano,District,Ghana Statistical Service 2021 Census — Master Sheet.xlsx,DHS Ghana 1993–2022 subnational — water/toilet-facilities CSVs,DHS Ghana 1988–2022 subnational — diarrhea/child-mortality-rates/iycf/anemia CSVs,5.94469995,-0.449937193103216,34538,25736,29.1,42.9,25899,43995,17710,16610,26702,27364,2749,3459,94594,38.3,0.4,9.2,48.3,97.0,26.0,74.7,88.7,15.0,6.0,42.0,19.3,2.0,4.0,27.38,46.51,10296,0.635,42.7,AYENSUANO,Ayensuano,AYENSUANO,True
Eastern,Birim Central Municipal,Municipal,Ghana Statistical Service 2021 Census — Master Sheet.xlsx,DHS Ghana 1993–2022 subnational — water/toilet-facilities CSVs,DHS Ghana 1988–2022 subnational — diarrhea/child-mortality-rates/iycf/anemia CSVs,5.97391735,-1.00480959493596,25276,26732,11.9,41.9,9947,9297,12418,11876,22690,26007,1366,1945,76302,38.3,0.4,9.2,48.3,97.0,26.0,74.7,88.7,15.0,6.0,42.0,19.3,2.0,4.0,13.04,12.18,7288,0.499,51.4,BIRIM CENTRAL,Birim Central Municipal,BIRIM CENTRAL,True
Eastern,Birim North,District,Ghana Statistical Service 2021 Census — Master Sheet.xlsx,DHS Ghana 1993–2022 subnational — water/toilet-facilities CSVs,DHS Ghana 1988–2022 subnational — diarrhea/child-mortality-rates/iycf/anemia CSVs,6.3681437,-1.02271793293055,28892,24334,18.3,42.6,17609,14185,15155,14288,24286,24728,1902,2310,82669,38.3,0.4,9.2,48.3,97.0,26.0,74.7,88.7,15.0,6.0,42.0,19.3,2.0,4.0,21.3,17.16,8833,0.601,45.72,BIRIM NORTH,Birim North,BIRIM NORTH,True
Eastern,Birim South,District,Ghana Statistical Service 2021 Census — Master Sheet.xlsx,DHS Ghana 1993–2022 subnational — water/toilet-facilities CSVs,DHS Ghana 1988–2022 subnational — diarrhea/child-mortality-rates/iycf/anemia CSVs,5.9375343,-1.0087951,11610,11912,24.9,43.6,7286,10484,6342,5790,10135,11093,943,1351,35654,38.3,0.4,9.2,48.3,97.0,26.0,74.7,88.7,15.0,6.0,42.0,19.3,2.0,4.0,20.44,29.4,3640,0.572,50.64,BIRIM SOUTH,Birim South,BIRIM SOUTH,True
Eastern,Denkyembuor,District,Ghana Statistical Service 2021 Census — Master Sheet.xlsx,DHS Ghana 1993–2022 subnational — water/toilet-facilities CSVs,DHS Ghana 1988–2022 subnational — diarrhea/child-mortality-rates/iycf/anemia CSVs,6.05,-0.8,24095,27629,18.1,42.3,15302,9980,12977,12328,23028,24760,1861,2075,77029,38.3,0.4,9.2,48.3,97.0,26.0,74.7,88.7,15.0,6.0,42.0,19.3,2.0,4.0,19.87,12.96,7592,0.53,53.42,DENKYEMBUOR,Denkyembour,DENKYEMBOUR,True
Eastern,Fanteakwa North,District,Ghana Statistical Service 2021 Census — Master Sheet.xlsx,DHS Ghana 1993–2022 subnational — water/toilet-facilities CSVs,DHS Ghana 1988–2022 subnational — diarrhea/child-mortality-rates/iycf/anemia CSVs,6.49761694999999,-0.362546050326661,21329,15599,28.9,41.9,16278,17663,10479,9580,16908,16701,1470,1849,56987,38.3,0.4,9.2,48.3,97.0,26.0,74.7,88.7,15.0,6.0,42.0,19.3,2.0,4.0,28.56,30.99,6018,0.597,42.24,FANTEAKWA NORTH,Fanteakwa North,FANTEAKWA NORTH,True
Eastern,Fanteakwa South,District,Ghana Statistical Service 2021 Census — Master Sheet.xlsx,DHS Ghana 1993–2022 subnational — water/toilet-facilities CSVs,DHS Ghana 1988–2022 subnational — diarrhea/child-mortality-rates/iycf/anemia CSVs,6.37117379999999,-0.311872167608319,20099,16378,21.7,41.7,9765,13448,9261,8896,16955,16368,1366,1788,54634,38.3,0.4,9.2,48.3,97.0,26.0,74.7,88.7,15.0,6.0,42.0,19.3,2.0,4.0,17.87,24.61,5447,0.545,44.9,FANTEAKWA SOUTH,Fanteakwa South,FANTEAKWA SOUTH,True
Eastern,Kwaebibirem Municipal,Municipal,Ghana Statistical Service 2021 Census — Master Sheet.xlsx,DHS Ghana 1993–2022 subnational — water/toilet-facilities CSVs,DHS Ghana 1988–2022 subnational — diarrhea/child-mortality-rates/iycf/anemia CSVs,6.23359759999999,-0.87590978580917,42264,37174,19.6,42.9,24805,24359,21732,20528,35226,37175,3152,3885,121698,38.3,0.4,9.2,48.3,97.0,26.0,74.7,88.7,15.0,6.0,42.0,19.3,2.0,4.0,20.38,20.02,12678,0.584,46.8,KWAEBIBIREM,Kwaebibirem Municipal,KWAEBIBIREM,True
Eastern,Kwahu Afram Plains North,District,Ghana Statistical Service 2021 Census — Master Sheet.xlsx,DHS Ghana 1993–2022 subnational — water/toilet-facilities CSVs,DHS Ghana 1988–2022 subnational — diarrhea/child-mortality-rates/iycf/anemia CSVs,6.8753584,0.0047456123339843,25007,16163,48.5,41.9,28103,32016,13563,11822,20752,17918,1252,1248,66555,38.3,0.4,9.2,48.3,97.0,26.0,74.7,88.7,15.0,6.0,42.0,19.3,2.0,4.0,42.23,48.1,7616,0.656,39.26,KWAHU AFRAM PLAINS NORTH,Kwahu Afram Plains North,KWAHU AFRAM PLAINS NORTH,True
Eastern,Kwahu Afram Plains South,District,Ghana Statistical Service 2021 Census — Master Sheet.xlsx,DHS Ghana 1993–2022 subnational — water/toilet-facilities CSVs,DHS Ghana 1988–2022 subnational — diarrhea/child-mortality-rates/iycf/anemia CSVs,6.8854777,-0.460380290065423,28041,17113,39.1,41.6,30008,33075,15184,13664,22847,19800,1392,1115,74002,38.3,0.4,9.2,48.3,97.0,26.0,74.7,88.7,15.0,6.0,42.0,19.3,2.0,4.0,40.55,44.69,8654,0.676,37.9,KWAHU AFRAM PLAINS SOUTH,Kwahu Afram Plains South,KWAHU AFRAM PLAINS SOUTH,True
Eastern,Kwahu East,District,Ghana Statistical Service 2021 Census — Master Sheet.xlsx,DHS Ghana 1993–2022 subnational — water/toilet-facilities CSVs,DHS Ghana 1988–2022 subnational — diarrhea/child-mortality-rates/iycf/anemia CSVs,6.73342465,-0.81009459846416,27342,25934,29.4,42.0,19159,25110,14034,12923,24195,23179,2341,3561,80233,38.3,0.4,9.2,48.3,97.0,26.0,74.7,88.7,15.0,6.0,42.0,19.3,2.0,4.0,23.88,31.3,8087,0.569,48.68,KWAHU EAST,Kwahu East,KWAHU EAST,True
Eastern,Kwahu South Municipal,Municipal,Ghana Statistical Service 2021 Census — Master Sheet.xlsx,DHS Ghana 1993–2022 subnational — water/toilet-facilities CSVs,DHS Ghana 1988–2022 subnational — diarrhea/child-mortality-rates/iycf/anemia CSVs,8.25846,0.508747,25687,26212,28.8,43.4,18927,22821,14332,13620,21905,24447,2130,3417,79851,38.3,0.4,9.2,48.3,97.0,26.0,74.7,88.7,15.0,6.0,42.0,19.3,2.0,4.0,23.7,28.58,8386,0.603,50.51,KWAHU SOUTH,Kwahu South Municipal,KWAHU SOUTH,True
Eastern,Kwahu West Municipal,Municipal,Ghana Statistical Service 2021 Census — Master Sheet.xlsx,DHS Ghana 1993–2022 subnational — water/toilet-facilities CSVs,DHS Ghana 1988–2022 subnational — diarrhea/child-mortality-rates/iycf/anemia CSVs,6.49118254999999,-0.728456087972531,51012,42241,15.1,41.9,24009,24021,26637,25539,40551,44751,3344,4607,145429,38.3,0.4,9.2,48.3,97.0,26.0,74.7,88.7,15.0,6.0,42.0,19.3,2.0,4.0,16.51,16.52,15653,0.612,45.3,KWAHU WEST,Kwahu West Municipal,KWAHU WEST,True
Eastern,Lower Manya Krobo Municipal,Municipal,Ghana Statistical Service 2021 Census — Master Sheet.xlsx,DHS Ghana 1993–2022 subnational — water/toilet-facilities CSVs,DHS Ghana 1988–2022 subnational — diarrhea/child-mortality-rates/iycf/anemia CSVs,6.2127831,-0.0404975690174626,36376,48533,19.8,43.4,24179,24965,18640,18300,35520,42445,2707,4237,121849,38.3,0.4,9.2,48.3,97.0,26.0,74.7,88.7,15.0,6.0,42.0,19.3,2.0,4.0,19.84,20.49,11082,0.474,57.16,LOWER MANYA KROBO,Lower Manya,LOWER MANYA,True
Eastern,New Juaben North Municipal,Municipal,Ghana Statistical Service 2021 Census — Master Sheet.xlsx,DHS Ghana 1993–2022 subnational — water/toilet-facilities CSVs,DHS Ghana 1988–2022 subnational — diarrhea/child-mortality-rates/iycf/anemia CSVs,6.1364245,-0.312846157003848,28972,34529,10.6,41.7,8759,9993,12629,12586,29655,29388,1878,2580,88716,38.3,0.4,9.2,48.3,97.0,26.0,74.7,88.7,15.0,6.0,42.0,19.3,2.0,4.0,9.87,11.26,7564,0.427,54.38,NEW JUABEN NORTH,New Juaben North Municipal,NEW JUABEN NORTH,True
Eastern,New Juaben South Municipal,Municipal,Ghana Statistical Service 2021 Census — Master Sheet.xlsx,DHS Ghana 1993–2022 subnational — water/toilet-facilities CSVs,DHS Ghana 1988–2022 subnational — diarrhea/child-mortality-rates/iycf/anemia CSVs,6.0721368,-0.260652306105858,48553,45659,8.5,41.1,11820,16248,17745,17784,42075,44834,2987,4316,129741,38.3,0.4,9.2,48.3,97.0,26.0,74.7,88.7,15.0,6.0,42.0,19.3,2.0,4.0,9.11,12.52,10659,0.409,48.46,NEW JUABEN SOUTH,New Juaben South Municipal,NEW JUABEN SOUTH,True
Eastern,Nsawam Adoagyiri Municipal,Municipal,Ghana Statistical Service 2021 Census — Master Sheet.xlsx,DHS Ghana 1993–2022 subnational — water/toilet-facilities CSVs,DHS Ghana 1988–2022 subnational — diarrhea/child-mortality-rates/iycf/anemia CSVs,5.81791215,-0.36426765,55497,48522,13.0,43.4,24185,45530,25823,25755,47801,49554,2793,3871,155597,38.3,0.4,9.2,48.3,97.0,26.0,74.7,88.7,15.0,6.0,42.0,19.3,2.0,4.0,15.54,29.26,15473,0.53,46.65,NSAWAM ADOAGYIRI,Nsawam Adoagyiri Municipal,NSAWAM ADOAGYIRI,True
Eastern,Okere,District,Ghana Statistical Service 2021 Census — Master Sheet.xlsx,DHS Ghana 1993–2022 subnational — water/toilet-facilities CSVs,DHS Ghana 1988–2022 subnational — diarrhea/child-mortality-rates/iycf/anemia CSVs,6.04034605,-0.127770489495342,18071,16536,24.0,42.4,11127,18125,8691,8377,14452,16239,1439,2477,51675,38.3,0.4,9.2,48.3,97.0,26.0,74.7,88.7,15.0,6.0,42.0,19.3,2.0,4.0,21.53,35.07,5120,0.556,47.78,OKERE,Okere,OKERE,True
Eastern,Suhum Municipal,Municipal,Ghana Statistical Service 2021 Census — Master Sheet.xlsx,DHS Ghana 1993–2022 subnational — water/toilet-facilities CSVs,DHS Ghana 1988–2022 subnational — diarrhea/child-mortality-rates/iycf/anemia CSVs,6.035885,-0.4552751,49088,34705,17.6,42.0,23909,36085,21768,20842,36414,40187,3044,4148,126403,38.3,0.4,9.2,48.3,97.0,26.0,74.7,88.7,15.0,6.0,42.0,19.3,2.0,4.0,18.91,28.55,12783,0.556,41.42,SUHUM,Suhum Municipal,SUHUM,True
Eastern,Upper Manya Krobo,District,Ghana Statistical Service 2021 Census — Master Sheet.xlsx,DHS Ghana 1993–2022 subnational — water/toilet-facilities CSVs,DHS Ghana 1988–2022 subnational — diarrhea/child-mortality-rates/iycf/anemia CSVs,6.40201115,-0.134429386146108,28918,16271,32.7,40.5,24935,26939,13252,12171,20360,20752,1981,2096,70612,38.3,0.4,9.2,48.3,97.0,26.0,74.7,88.7,15.0,6.0,42.0,19.3,2.0,4.0,35.31,38.15,7627,0.618,36.01,UPPER MANYA KROBO,Upper Manya,UPPER MANYA,True
Eastern,Upper West Akim,District,Ghana Statistical Service 2021 Census — Master Sheet.xlsx,DHS Ghana 1993–2022 subnational — water/toilet-facilities CSVs,DHS Ghana 1988–2022 subnational — diarrhea/child-mortality-rates/iycf/anemia CSVs,5.80678025,-0.540057196199224,33617,27069,29.7,43.7,27158,47183,17860,17309,26665,28405,2263,3353,95855,38.3,0.4,9.2,48.3,97.0,26.0,74.7,88.7,15.0,6.0,42.0,19.3,2.0,4.0,28.33,49.22,10551,0.639,44.61,UPPER WEST AKIM,Upper West Akim,UPPER WEST AKIM,True
Eastern,West Akim Municipal,Municipal,Ghana Statistical Service 2021 Census — Master Sheet.xlsx,DHS Ghana 1993–2022 subnational — water/toilet-facilities CSVs,DHS Ghana 1988–2022 subnational — diarrhea/child-mortality-rates/iycf/anemia CSVs,5.9070609,-0.68318054757923,40323,36708,23.7,43.0,27295,33081,20654,19996,33607,36756,2767,3901,117681,38.3,0.4,9.2,48.3,97.0,26.0,74.7,88.7,15.0,6.0,42.0,19.3,2.0,4.0,23.19,28.11,12195,0.578,47.65,WEST AKIM,West Akim Municipal,WEST AKIM,True
Eastern,Yilo Krobo Municipal,Municipal,Ghana Statistical Service 2021 Census — Master Sheet.xlsx,DHS Ghana 1993–2022 subnational — water/toilet-facilities CSVs,DHS Ghana 1988–2022 subnational — diarrhea/child-mortality-rates/iycf/anemia CSVs,6.1564095,-0.167401779755807,45081,36387,21.5,42.1,25873,36007,20749,20181,35736,38765,2993,3974,122398,38.3,0.4,9.2,48.3,97.0,26.0,74.7,88.7,15.0,6.0,42.0,19.3,2.0,4.0,21.14,29.42,12279,0.549,44.66,YILO KROBO,Yilo Krobo Municipal,YILO KROBO,True
Greater Accra,Ablekuma Central Municipal,Municipal,Ghana Statistical Service 2021 Census — Master Sheet.xlsx,DHS Ghana 1993–2022 subnational — water/toilet-facilities CSVs,DHS Ghana 1988–2022 subnational — diarrhea/child-mortality-rates/iycf/anemia CSVs,5.5541808,-0.24078224491606,71986,49569,9.4,45.2,20160,61784,23738,23852,55723,58491,3133,4208,169145,36.2,0.6,7.0,43.8,98.7,16.0,91.4,98.5,10.0,5.0,20.0,3.6,0.0,1.5,11.92,36.53,14277,0.417,40.78,ABLEKUMA CENTRAL,Ablekuma Central Municipal,ABLEKUMA CENTRAL,True
Greater Accra,Ablekuma North Municipal,Municipal,Ghana Statistical Service 2021 Census — Master Sheet.xlsx,DHS Ghana 1993–2022 subnational — water/toilet-facilities CSVs,DHS Ghana 1988–2022 subnational — diarrhea/child-mortality-rates/iycf/anemia CSVs,5.58719365,-0.263259064824942,69225,45302,8.3,42.9,11382,58368,22388,22293,51922,56500,2472,3633,159208,36.2,0.6,7.0,43.8,98.7,16.0,91.4,98.5,10.0,5.0,20.0,3.6,0.0,1.5,7.15,36.66,13404,0.412,39.56,ABLEKUMA NORTH,Ablekuma North Municipal,ABLEKUMA NORTH,True
Greater Accra,Ablekuma West Municipal,Municipal,Ghana Statistical Service 2021 Census — Master Sheet.xlsx,DHS Ghana 1993–2022 subnational — water/toilet-facilities CSVs,DHS Ghana 1988–2022 subnational — diarrhea/child-mortality-rates/iycf/anemia CSVs,5.5431939,-0.26615017413473,61592,46044,8.9,43.0,12511,60497,22920,22934,48489,53014,2470,3663,153490,36.2,0.6,7.0,43.8,98.7,16.0,91.4,98.5,10.0,5.0,20.0,3.6,0.0,1.5,8.15,39.41,13756,0.452,42.78,ABLEKUMA WEST,Ablekuma West Municipal,ABLEKUMA WEST,True
Greater Accra,"Accra Metropolitan Area (AMA)-Ablekuma South, Ashiedu Keteke & Okaikoi South",Metropolitan,Ghana Statistical Service 2021 Census — Master Sheet.xlsx,DHS Ghana 1993–2022 subnational — water/toilet-facilities CSVs,DHS Ghana 1988–2022 subnational — diarrhea/child-mortality-rates/iycf/anemia CSVs,5.55381875,-0.205849787615075,121103,84691,11.1,43.9,46139,105374,35341,35862,94041,106780,1895,3078,276997,36.2,0.6,7.0,43.8,98.7,16.0,91.4,98.5,10.0,5.0,20.0,3.6,0.0,1.5,16.66,38.04,21361,0.355,41.15,ACCRA AREA (AMA) ABLEKUMA SOUTH ASHIEDU KETEKE & OKAIKOI SOUTH,Accra Metropolis,ACCRA,True
Greater Accra,Ada East,District,Ghana Statistical Service 2021 Census — Master Sheet.xlsx,DHS Ghana 1993–2022 subnational — water/toilet-facilities CSVs,DHS Ghana 1988–2022 subnational — diarrhea/child-mortality-rates/iycf/anemia CSVs,5.8761016,0.549568161630084,23660,24880,28.2,44.2,22384,32786,14190,13681,21337,23053,1507,2643,76411,36.2,0.6,7.0,43.8,98.7,16.0,91.4,98.5,10.0,5.0,20.0,3.6,0.0,1.5,29.29,42.91,8361,0.628,51.26,ADA EAST,Ada East,ADA EAST,True
Greater Accra,Ada West,District,Ghana Statistical Service 2021 Census — Master Sheet.xlsx,DHS Ghana 1993–2022 subnational — water/toilet-facilities CSVs,DHS Ghana 1988–2022 subnational — diarrhea/child-mortality-rates/iycf/anemia CSVs,5.9040093,0.420370257026968,22587,22495,40.1,44.7,25206,45090,15739,15266,20114,21662,1279,2027,76087,36.2,0.6,7.0,43.8,98.7,16.0,91.4,98.5,10.0,5.0,20.0,3.6,0.0,1.5,33.13,59.26,9302,0.742,49.9,ADA WEST,Ada West,ADA WEST,True
Greater Accra,Adentan Municipal,Municipal,Ghana Statistical Service 2021 Census — Master Sheet.xlsx,DHS Ghana 1993–2022 subnational — water/toilet-facilities CSVs,DHS Ghana 1988–2022 subnational — diarrhea/child-mortality-rates/iycf/anemia CSVs,5.7042433,-0.1690967,108423,82032,8.3,41.8,18956,99635,37515,38001,90372,91225,4078,4780,265971,36.2,0.6,7.0,43.8,98.7,16.0,91.4,98.5,10.0,5.0,20.0,3.6,0.0,1.5,7.13,37.46,22655,0.416,43.07,ADENTAN,Adenta Municipal,ADENTA,True
Greater Accra,Ashaiman Municipal,Municipal,Ghana Statistical Service 2021 Census — Master Sheet.xlsx,DHS Ghana 1993–2022 subnational — water/toilet-facilities CSVs,DHS Ghana 1988–2022 subnational — diarrhea/child-mortality-rates/iycf/anemia CSVs,5.6993574,-0.0348533202566188,90383,55066,7.5,43.3,23548,72971,31383,31228,68910,70025,3117,3397,208060,36.2,0.6,7.0,43.8,98.7,16.0,91.4,98.5,10.0,5.0,20.0,3.6,0.0,1.5,11.32,35.07,18783,0.451,37.86,ASHAIMAN,Ashaiman Municipal,ASHAIMAN,True
Greater Accra,Ayawaso Central Municipal,Municipal,Ghana Statistical Service 2021 Census — Master Sheet.xlsx,DHS Ghana 1993–2022 subnational — water/toilet-facilities CSVs,DHS Ghana 1988–2022 subnational — diarrhea/child-mortality-rates/iycf/anemia CSVs,5.59137939999999,-0.212668442666915,39158,30825,12.2,42.8,8646,41548,12311,12537,32353,33339,1824,2467,94831,36.2,0.6,7.0,43.8,98.7,16.0,91.4,98.5,10.0,5.0,20.0,3.6,0.0,1.5,9.12,43.81,7454,0.378,44.05,AYAWASO CENTRAL,Ayawaso Central Municipal,AYAWASO CENTRAL,True
Greater Accra,Ayawaso East Municipal,Municipal,Ghana Statistical Service 2021 Census — Master Sheet.xlsx,DHS Ghana 1993–2022 subnational — water/toilet-facilities CSVs,DHS Ghana 1988–2022 subnational — diarrhea/child-mortality-rates/iycf/anemia CSVs,5.5828425,-0.194266228463183,18510,19828,15.4,44.0,10085,20605,7206,7460,16935,18521,1297,1585,53004,36.2,0.6,7.0,43.8,98.7,16.0,91.4,98.5,10.0,5.0,20.0,3.6,0.0,1.5,19.03,38.87,4400,0.414,51.72,AYAWASO EAST,Ayawaso East Municipal,AYAWASO EAST,True
Greater Accra,Ayawaso North Municipal,Municipal,Ghana Statistical Service 2021 Census — Master Sheet.xlsx,DHS Ghana 1993–2022 subnational — water/toilet-facilities CSVs,DHS Ghana 1988–2022 subnational — diarrhea/child-mortality-rates/iycf/anemia CSVs,5.5908829,-0.199044848506062,22947,23128,13.9,43.8,9042,21546,8488,8823,20220,22837,1335,1683,63386,36.2,0.6,7.0,43.8,98.7,16.0,91.4,98.5,10.0,5.0,20.0,3.6,0.0,1.5,14.26,33.99,5193,0.402,50.2,AYAWASO NORTH,Ayawaso North Municipal,AYAWASO NORTH,True
Greater Accra,Ayawaso West Municipal,Municipal,Ghana Statistical Service 2021 Census — Master Sheet.xlsx,DHS Ghana 1993–2022 subnational — water/toilet-facilities CSVs,DHS Ghana 1988–2022 subnational — diarrhea/child-mortality-rates/iycf/anemia CSVs,5.62669775,-0.179111178909241,27690,33319,9.3,41.6,4076,26430,7177,7117,30110,27974,1327,1598,75303,36.2,0.6,7.0,43.8,98.7,16.0,91.4,98.5,10.0,5.0,20.0,3.6,0.0,1.5,5.41,35.1,4288,0.246,54.61,AYAWASO WEST,Ayawaso West Municipal,AYAWASO WEST,True
Greater Accra,Ga Central Municipal,Municipal,Ghana Statistical Service 2021 Census — Master Sheet.xlsx,DHS Ghana 1993–2022 subnational — water/toilet-facilities CSVs,DHS Ghana 1988–2022 subnational — diarrhea/child-mortality-rates/iycf/anemia CSVs,5.3203951,-2.0334832,135748,95640,8.3,42.6,23248,145106,50214,50630,106324,113999,5054,6011,332232,36.2,0.6,7.0,43.8,98.7,16.0,91.4,98.5,10.0,5.0,20.0,3.6,0.0,1.5,7.0,43.68,30253,0.458,41.33,GA CENTRAL,Ga Central Municipal,GA CENTRAL,True
Greater Accra,Ga East Municipal,Municipal,Ghana Statistical Service 2021 Census — Master Sheet.xlsx,DHS Ghana 1993–2022 subnational — water/toilet-facilities CSVs,DHS Ghana 1988–2022 subnational — diarrhea/child-mortality-rates/iycf/anemia CSVs,5.669162,-0.333376,110684,92554,10.1,41.8,18905,105771,39761,40380,96002,97660,4252,5324,283379,36.2,0.6,7.0,43.8,98.7,16.0,91.4,98.5,10.0,5.0,20.0,3.6,0.0,1.5,6.67,37.32,24042,0.414,45.54,GA EAST,Ga East Municipal,GA EAST,True
Greater Accra,Ga North Municipal,Municipal,Ghana Statistical Service 2021 Census — Master Sheet.xlsx,DHS Ghana 1993–2022 subnational — water/toilet-facilities CSVs,DHS Ghana 1988–2022 subnational — diarrhea/child-mortality-rates/iycf/anemia CSVs,5.669162,-0.333376,87022,76640,10.5,42.3,18918,86352,35527,36103,77522,79032,3432,3676,235292,36.2,0.6,7.0,43.8,98.7,16.0,91.4,98.5,10.0,5.0,20.0,3.6,0.0,1.5,8.04,36.7,21489,0.458,46.83,GA NORTH,Ga North Municipal,GA NORTH,True
Greater Accra,Ga South Municipal,Municipal,Ghana Statistical Service 2021 Census — Master Sheet.xlsx,DHS Ghana 1993–2022 subnational — water/toilet-facilities CSVs,DHS Ghana 1988–2022 subnational — diarrhea/child-mortality-rates/iycf/anemia CSVs,5.669162,-0.333376,125103,103262,15.8,44.1,49991,179053,61267,60489,107044,111736,4181,5404,350121,36.2,0.6,7.0,43.8,98.7,16.0,91.4,98.5,10.0,5.0,20.0,3.6,0.0,1.5,14.28,51.14,36527,0.557,45.22,GA SOUTH,Ga South Municipal,GA SOUTH,True
Greater Accra,Ga West Municipal,Municipal,Ghana Statistical Service 2021 Census — Master Sheet.xlsx,DHS Ghana 1993–2022 subnational — water/toilet-facilities CSVs,DHS Ghana 1988–2022 subnational — diarrhea/child-mortality-rates/iycf/anemia CSVs,5.669162,-0.333376,110786,92906,10.5,43.3,35609,123514,55150,55457,97011,99245,3382,4054,314299,36.2,0.6,7.0,43.8,98.7,16.0,91.4,98.5,10.0,5.0,20.0,3.6,0.0,1.5,11.33,39.3,33182,0.564,45.61,GA WEST,Ga West Municipal,GA WEST,True
Greater Accra,Korle Klottey Municipal,Municipal,Ghana Statistical Service 2021 Census — Master Sheet.xlsx,DHS Ghana 1993–2022 subnational — water/toilet-facilities CSVs,DHS Ghana 1988–2022 subnational — diarrhea/child-mortality-rates/iycf/anemia CSVs,5.55901944999999,-0.19823054970895,29874,23696,10.6,43.4,6313,23554,7480,7583,24034,25651,1594,2291,68633,36.2,0.6,7.0,43.8,98.7,16.0,91.4,98.5,10.0,5.0,20.0,3.6,0.0,1.5,9.2,34.32,4519,0.303,44.23,KORLE KLOTTEY,Korle Klottey Municipal,KORLE KLOTTEY,True
Greater Accra,Kpone Katamanso Municipal,Municipal,Ghana Statistical Service 2021 Census — Master Sheet.xlsx,DHS Ghana 1993–2022 subnational — water/toilet-facilities CSVs,DHS Ghana 1988–2022 subnational — diarrhea/child-mortality-rates/iycf/anemia CSVs,5.77159775,-0.0733651054089466,151899,121007,10.5,43.1,38226,156281,69740,70182,132130,132218,3852,4706,412828,36.2,0.6,7.0,43.8,98.7,16.0,91.4,98.5,10.0,5.0,20.0,3.6,0.0,1.5,9.26,37.86,41977,0.529,44.34,KPONE KATAMANSO,Kpone Katamanso Municipal,KPONE KATAMANSO,True
Greater Accra,Krowor Municipal,Municipal,Ghana Statistical Service 2021 Census — Master Sheet.xlsx,DHS Ghana 1993–2022 subnational — water/toilet-facilities CSVs,DHS Ghana 1988–2022 subnational — diarrhea/child-mortality-rates/iycf/anemia CSVs,5.60941925,-0.0769277820845922,54725,50079,12.4,42.4,10206,61701,18895,19313,49619,50062,2221,2902,143012,36.2,0.6,7.0,43.8,98.7,16.0,91.4,98.5,10.0,5.0,20.0,3.6,0.0,1.5,7.14,43.14,11462,0.383,47.78,KROWOR,Krowor Municipal,KROWOR,True
Greater Accra,La Dade-Kotopon Municipal,Municipal,Ghana Statistical Service 2021 Census — Master Sheet.xlsx,DHS Ghana 1993–2022 subnational — water/toilet-facilities CSVs,DHS Ghana 1988–2022 subnational — diarrhea/child-mortality-rates/iycf/anemia CSVs,5.58947605,-0.156988356399583,59055,43079,8.9,43.1,7669,51992,19006,19124,46798,49510,2295,3531,140264,36.2,0.6,7.0,43.8,98.7,16.0,91.4,98.5,10.0,5.0,20.0,3.6,0.0,1.5,5.47,37.07,11439,0.396,42.18,LA DADE KOTOPON,La Dade-Kotopon Municipal,LA DADE KOTOPON,True
Greater Accra,La Nkwantanang Madina Municipal,Municipal,Ghana Statistical Service 2021 Census — Master Sheet.xlsx,DHS Ghana 1993–2022 subnational — water/toilet-facilities CSVs,DHS Ghana 1988–2022 subnational — diarrhea/child-mortality-rates/iycf/anemia CSVs,5.74468145,-0.172508699400876,83831,74454,11.3,42.7,17028,77868,31134,31338,74729,76189,3177,4190,220757,36.2,0.6,7.0,43.8,98.7,16.0,91.4,98.5,10.0,5.0,20.0,3.6,0.0,1.5,7.71,35.27,18742,0.414,47.04,LA NKWANTANANG MADINA,La Nkwantanang Madina Municipal,LA NKWANTANANG MADINA,True
Greater Accra,Ledzokuku Municipal,Municipal,Ghana Statistical Service 2021 Census — Master Sheet.xlsx,DHS Ghana 1993–2022 subnational — water/toilet-facilities CSVs,DHS Ghana 1988–2022 subnational — diarrhea/child-mortality-rates/iycf/anemia CSVs,5.6050983,-0.114493361214251,84358,72808,11.3,43.3,18575,82055,29909,30229,72722,76060,3468,4916,217304,36.2,0.6,7.0,43.8,98.7,16.0,91.4,98.5,10.0,5.0,20.0,3.6,0.0,1.5,8.55,37.76,18041,0.404,46.33,LEDZOKUKU,Ledzokuku Municipal,LEDZOKUKU,True
Greater Accra,Ningo-Prampram,Municipal,Ghana Statistical Service 2021 Census — Master Sheet.xlsx,DHS Ghana 1993–2022 subnational — water/toilet-facilities CSVs,DHS Ghana 1988–2022 subnational — diarrhea/child-mortality-rates/iycf/anemia CSVs,5.81176965,0.146110955005239,71636,62214,19.4,44.0,35619,92454,35324,35499,64008,63476,2539,3827,204673,36.2,0.6,7.0,43.8,98.7,16.0,91.4,98.5,10.0,5.0,20.0,3.6,0.0,1.5,17.4,45.17,21247,0.556,46.48,NINGO PRAMPRAM,Ningo/Prampram,NINGO PRAMPRAM,True
Greater Accra,Okaikoi North Municipal,Municipal,Ghana Statistical Service 2021 Census — Master Sheet.xlsx,DHS Ghana 1993–2022 subnational — water/toilet-facilities CSVs,DHS Ghana 1988–2022 subnational — diarrhea/child-mortality-rates/iycf/anemia CSVs,5.6104365,-0.2395459,63259,54414,11.1,42.4,12770,54359,21231,21542,54554,56884,2636,3599,160446,36.2,0.6,7.0,43.8,98.7,16.0,91.4,98.5,10.0,5.0,20.0,3.6,0.0,1.5,7.96,33.88,12832,0.384,46.24,OKAIKOI NORTH,Okaikwei North Municipal,OKAIKWEI NORTH,True
Greater Accra,Shai-Osudoku,District,Ghana Statistical Service 2021 Census — Master Sheet.xlsx,DHS Ghana 1993–2022 subnational — water/toilet-facilities CSVs,DHS Ghana 1988–2022 subnational — diarrhea/child-mortality-rates/iycf/anemia CSVs,5.95875335,0.161872328401567,33556,35351,23.5,44.2,22754,30351,18546,18157,32871,31732,1719,2585,105610,36.2,0.6,7.0,43.8,98.7,16.0,91.4,98.5,10.0,5.0,20.0,3.6,0.0,1.5,21.55,28.74,11011,0.568,51.3,SHAI OSUDOKU,Shai-Osudoku,SHAI OSUDOKU,True
Greater Accra,Tema Metropolitan Area (TMA)-Tema Central & Tema East,Metropolitan,Ghana Statistical Service 2021 Census — Master Sheet.xlsx,DHS Ghana 1993–2022 subnational — water/toilet-facilities CSVs,DHS Ghana 1988–2022 subnational — diarrhea/child-mortality-rates/iycf/anemia CSVs,5.6698,-0.01657,69392,55541,11.6,43.8,19800,78852,24565,24996,59728,60769,1794,2642,174494,36.2,0.6,7.0,43.8,98.7,16.0,91.4,98.5,10.0,5.0,20.0,3.6,0.0,1.5,11.35,45.19,14868,0.411,44.46,TEMA AREA (TMA) TEMA CENTRAL & TEMA EAST,Tema Metropolitan,TEMA,True
Greater Accra,Tema West Municipal,Municipal,Ghana Statistical Service 2021 Census — Master Sheet.xlsx,DHS Ghana 1993–2022 subnational — water/toilet-facilities CSVs,DHS Ghana 1988–2022 subnational — diarrhea/child-mortality-rates/iycf/anemia CSVs,5.65076355,-0.0688760444019398,81595,60403,8.2,42.0,10773,76946,27080,27146,66160,67893,3606,4339,196224,36.2,0.6,7.0,43.8,98.7,16.0,91.4,98.5,10.0,5.0,20.0,3.6,0.0,1.5,5.49,39.21,16268,0.405,42.54,TEMA WEST,Tema West Municipal,TEMA WEST,True
Greater Accra,Weija Gbawe Municipal,Municipal,Ghana Statistical Service 2021 Census — Master Sheet.xlsx,DHS Ghana 1993–2022 subnational — water/toilet-facilities CSVs,DHS Ghana 1988–2022 subnational — diarrhea/child-mortality-rates/iycf/anemia CSVs,5.55414475,-0.296466750643799,85093,61436,8.7,42.9,16714,84797,33744,33401,68119,71627,3047,3736,213674,36.2,0.6,7.0,43.8,98.7,16.0,91.4,98.5,10.0,5.0,20.0,3.6,0.0,1.5,7.82,39.69,20144,0.48,41.93,WEIJA GBAWE,Weija Gbawe Municipal,WEIJA GBAWE,True
North East,Bunkpurugu Nakpanduri,District,Ghana Statistical Service 2021 Census — Master Sheet.xlsx,DHS Ghana 1993–2022 subnational — water/toilet-facilities CSVs,DHS Ghana 1988–2022 subnational — diarrhea/child-mortality-rates/iycf/anemia CSVs,10.632198,-0.180118,16889,34450,38.3,45.5,31770,8825,15560,15485,23265,23614,1579,2881,82384,64.9,2.2,18.0,66.8,98.9,20.0,21.9,59.3,11.0,63.6,41.0,14.5,23.7,2.8,38.56,10.71,9314,0.662,67.1,BUNKPURUGU NAKPANDURI,Bunkpurugu Nakpanduri,BUNKPURUGU NAKPANDURI,True
North East,Chereponi,District,Ghana Statistical Service 2021 Census — Master Sheet.xlsx,DHS Ghana 1993–2022 subnational — water/toilet-facilities CSVs,DHS Ghana 1988–2022 subnational — diarrhea/child-mortality-rates/iycf/anemia CSVs,10.1792653999999,0.207987165887793,18122,27082,53.8,44.2,49085,32497,21399,20573,20495,22457,940,1312,87176,64.9,2.2,18.0,66.8,98.9,20.0,21.9,59.3,11.0,63.6,41.0,14.5,23.7,2.8,56.31,37.28,12592,0.977,59.91,CHEREPONI,Chereponi,CHEREPONI,True
North East,East Mamprusi Municipal,Municipal,Ghana Statistical Service 2021 Census — Master Sheet.xlsx,DHS Ghana 1993–2022 subnational — water/toilet-facilities CSVs,DHS Ghana 1988–2022 subnational — diarrhea/child-mortality-rates/iycf/anemia CSVs,10.45279035,-0.416678651029704,27208,74804,54.7,47.4,98293,31628,44042,41952,44297,50910,2780,4025,188006,64.9,2.2,18.0,66.8,98.9,20.0,21.9,59.3,11.0,63.6,41.0,14.5,23.7,2.8,52.28,16.82,25798,0.903,73.33,EAST MAMPRUSI,East Mamprusi Municipal,EAST MAMPRUSI,True
North East,Mamprugu Moagduri,District,Ghana Statistical Service 2021 Census — Master Sheet.xlsx,DHS Ghana 1993–2022 subnational — water/toilet-facilities CSVs,DHS Ghana 1988–2022 subnational — diarrhea/child-mortality-rates/iycf/anemia CSVs,10.23964,-1.27428,21572,15425,44.5,42.4,40473,43003,16277,15472,16808,17970,968,1251,68746,64.9,2.2,18.0,66.8,98.9,20.0,21.9,59.3,11.0,63.6,41.0,14.5,23.7,2.8,58.87,62.55,9525,0.913,41.69,MAMPRUGU MOAGDURI,Mamprugu Moagduri,MAMPRUGU MOAGDURI,True
North East,West Mamprusi Municipal,Municipal,Ghana Statistical Service 2021 Census — Master Sheet.xlsx,DHS Ghana 1993–2022 subnational — water/toilet-facilities CSVs,DHS Ghana 1988–2022 subnational — diarrhea/child-mortality-rates/iycf/anemia CSVs,10.29738455,-0.764055036110824,31319,66367,41.5,45.8,82262,26996,39813,38256,43613,48368,2286,3419,175755,64.9,2.2,18.0,66.8,98.9,20.0,21.9,59.3,11.0,63.6,41.0,14.5,23.7,2.8,46.8,15.36,23421,0.849,67.94,WEST MAMPRUSI,West Mamprusi Municipal,WEST MAMPRUSI,True
North East,Yunyoo Nasuan,District,Ghana Statistical Service 2021 Census — Master Sheet.xlsx,DHS Ghana 1993–2022 subnational — water/toilet-facilities CSVs,DHS Ghana 1988–2022 subnational — diarrhea/child-mortality-rates/iycf/anemia CSVs,10.4415225,-0.0276844142154081,10414,18846,56.9,47.0,32999,18812,14196,13423,12891,13990,940,1439,56879,64.9,2.2,18.0,66.8,98.9,20.0,21.9,59.3,11.0,63.6,41.0,14.5,23.7,2.8,58.02,33.07,8286,1.027,64.41,YUNYOO NASUAN,Yunyoo Nasuan,YUNYOO NASUAN,True
Northern,Gushegu Municipal,Municipal,Ghana Statistical Service 2021 Census — Master Sheet.xlsx,DHS Ghana 1993–2022 subnational — water/toilet-facilities CSVs,DHS Ghana 1988–2022 subnational — diarrhea/child-mortality-rates/iycf/anemia CSVs,9.9185016,-0.2164706,36081,41484,51.5,44.3,92056,74095,39252,37148,34170,39410,1939,2046,153965,69.4,2.2,18.8,56.5,96.5,25.0,29.9,72.0,15.0,67.3,52.0,2.8,3.4,4.5,59.79,48.12,22920,1.038,53.48,GUSHEGU,Gushegu Municipal,GUSHEGU,True
Northern,Karaga,District,Ghana Statistical Service 2021 Census — Master Sheet.xlsx,DHS Ghana 1993–2022 subnational — water/toilet-facilities CSVs,DHS Ghana 1988–2022 subnational — diarrhea/child-mortality-rates/iycf/anemia CSVs,9.9267799,-0.4316607,25654,34057,50.5,46.5,69495,50110,28047,26467,25893,30391,1737,1690,114225,69.4,2.2,18.8,56.5,96.5,25.0,29.9,72.0,15.0,67.3,52.0,2.8,3.4,4.5,60.84,43.87,16354,0.969,57.04,KARAGA,Karaga,KARAGA,True
Northern,Kpandai,District,Ghana Statistical Service 2021 Census — Master Sheet.xlsx,DHS Ghana 1993–2022 subnational — water/toilet-facilities CSVs,DHS Ghana 1988–2022 subnational — diarrhea/child-mortality-rates/iycf/anemia CSVs,8.4635789,-0.0119853,41265,29199,48.6,42.1,64398,67683,28295,27454,32983,33691,1603,2187,126213,69.4,2.2,18.8,56.5,96.5,25.0,29.9,72.0,15.0,67.3,52.0,2.8,3.4,4.5,51.02,53.63,16725,0.836,41.44,KPANDAI,Kpandai,KPANDAI,True
Northern,Kumbungu,District,Ghana Statistical Service 2021 Census — Master Sheet.xlsx,DHS Ghana 1993–2022 subnational — water/toilet-facilities CSVs,DHS Ghana 1988–2022 subnational — diarrhea/child-mortality-rates/iycf/anemia CSVs,9.5591282,-0.9467086,20044,40208,45.0,46.4,56077,39469,26246,24088,26963,28760,2082,2447,110586,69.4,2.2,18.8,56.5,96.5,25.0,29.9,72.0,15.0,67.3,52.0,2.8,3.4,4.5,50.71,35.69,15100,0.903,66.73,KUMBUNGU,Kumbungu,KUMBUNGU,True
Northern,Mion,District,Ghana Statistical Service 2021 Census — Master Sheet.xlsx,DHS Ghana 1993–2022 subnational — water/toilet-facilities CSVs,DHS Ghana 1988–2022 subnational — diarrhea/child-mortality-rates/iycf/anemia CSVs,9.45284905,-0.335525511842833,23875,26064,53.4,44.5,57646,40227,23000,21991,22749,24286,1413,1491,94930,69.4,2.2,18.8,56.5,96.5,25.0,29.9,72.0,15.0,67.3,52.0,2.8,3.4,4.5,60.72,42.38,13497,0.957,52.19,MION,Mion,MION,True
Northern,Nanton,District,Ghana Statistical Service 2021 Census — Master Sheet.xlsx,DHS Ghana 1993–2022 subnational — water/toilet-facilities CSVs,DHS Ghana 1988–2022 subnational — diarrhea/child-mortality-rates/iycf/anemia CSVs,9.55848269999999,-0.710728600167338,12168,15048,39.9,45.3,27942,19692,12316,11235,12111,13374,830,901,50767,69.4,2.2,18.8,56.5,96.5,25.0,29.9,72.0,15.0,67.3,52.0,2.8,3.4,4.5,55.04,38.79,7065,0.924,55.29,NANTON,Nanton,NANTON,True
Northern,Nanumba North Municipal,Municipal,Ghana Statistical Service 2021 Census — Master Sheet.xlsx,DHS Ghana 1993–2022 subnational — water/toilet-facilities CSVs,DHS Ghana 1988–2022 subnational — diarrhea/child-mortality-rates/iycf/anemia CSVs,8.92200959999999,-0.138644700894755,54525,46544,41.5,41.4,100046,82760,44193,43418,45870,49965,2216,3018,188680,69.4,2.2,18.8,56.5,96.5,25.0,29.9,72.0,15.0,67.3,52.0,2.8,3.4,4.5,53.02,43.86,26283,0.914,46.05,NANUMBA NORTH,Nanumba North Municipal,NANUMBA NORTH,True
Northern,Nanumba South,District,Ghana Statistical Service 2021 Census — Master Sheet.xlsx,DHS Ghana 1993–2022 subnational — water/toilet-facilities CSVs,DHS Ghana 1988–2022 subnational — diarrhea/child-mortality-rates/iycf/anemia CSVs,8.76637935,0.0549741822848612,30173,24524,46.3,42.3,58488,46239,26547,25130,24635,26996,1329,1737,106374,69.4,2.2,18.8,56.5,96.5,25.0,29.9,72.0,15.0,67.3,52.0,2.8,3.4,4.5,54.98,43.47,15503,1.001,44.84,NANUMBA SOUTH,Nanumba South,NANUMBA SOUTH,True
Northern,Saboba,District,Ghana Statistical Service 2021 Census — Master Sheet.xlsx,DHS Ghana 1993–2022 subnational — water/toilet-facilities CSVs,DHS Ghana 1988–2022 subnational — diarrhea/child-mortality-rates/iycf/anemia CSVs,9.70870525,0.196098328672698,23478,30002,46.0,45.3,43917,20603,21316,20887,24741,26074,1115,1550,95683,69.4,2.2,18.8,56.5,96.5,25.0,29.9,72.0,15.0,67.3,52.0,2.8,3.4,4.5,45.9,21.53,12661,0.831,56.1,SABOBA,Saboba,SABOBA,True
Northern,Sagnarigu Municipal,Municipal,Ghana Statistical Service 2021 Census — Master Sheet.xlsx,DHS Ghana 1993–2022 subnational — water/toilet-facilities CSVs,DHS Ghana 1988–2022 subnational — diarrhea/child-mortality-rates/iycf/anemia CSVs,9.48585935,-0.855049753344912,85957,123012,18.7,43.9,94006,62402,66933,65809,98837,100082,4429,5621,341711,69.4,2.2,18.8,56.5,96.5,25.0,29.9,72.0,15.0,67.3,52.0,2.8,3.4,4.5,27.51,18.26,39823,0.667,58.87,SAGNARIGU,Sagnerigu,SAGNERIGU,True
Northern,Savelugu Municipal,Municipal,Ghana Statistical Service 2021 Census — Master Sheet.xlsx,DHS Ghana 1993–2022 subnational — water/toilet-facilities CSVs,DHS Ghana 1988–2022 subnational — diarrhea/child-mortality-rates/iycf/anemia CSVs,9.6260647,-0.8258943,22576,46349,41.1,45.5,60689,44028,27601,26362,30825,33659,1964,2477,122888,69.4,2.2,18.8,56.5,96.5,25.0,29.9,72.0,15.0,67.3,52.0,2.8,3.4,4.5,49.39,35.83,16189,0.837,67.25,SAVELUGU,Savelugu Municipal,SAVELUGU,True
Northern,Tamale Metropolitan Area (TMA)-Tamale Central & Tamale South,Metropolitan,Ghana Statistical Service 2021 Census — Master Sheet.xlsx,DHS Ghana 1993–2022 subnational — water/toilet-facilities CSVs,DHS Ghana 1988–2022 subnational — diarrhea/child-mortality-rates/iycf/anemia CSVs,9.40078,-0.8393,105305,117605,21.0,44.0,123455,97886,73044,71370,106568,111108,2272,2962,367324,69.4,2.2,18.8,56.5,96.5,25.0,29.9,72.0,15.0,67.3,52.0,2.8,3.4,4.5,33.61,26.65,43324,0.663,52.76,TAMALE AREA (TMA) TAMALE CENTRAL & TAMALE SOUTH,Tamale Metropolitan,TAMALE,True
Northern,Tatale Sanguli,District,Ghana Statistical Service 2021 Census — Master Sheet.xlsx,DHS Ghana 1993–2022 subnational — water/toilet-facilities CSVs,DHS Ghana 1988–2022 subnational — diarrhea/child-mortality-rates/iycf/anemia CSVs,9.34906725,0.514632473680653,20678,19204,52.4,43.5,40934,36464,17927,16996,17913,19322,1101,1546,74805,69.4,2.2,18.8,56.5,96.5,25.0,29.9,72.0,15.0,67.3,52.0,2.8,3.4,4.5,54.72,48.75,10477,0.938,48.15,TATALE SANGULI,Tatale Sanguli,TATALE SANGULI,True
Northern,Tolon,District,Ghana Statistical Service 2021 Census — Master Sheet.xlsx,DHS Ghana 1993–2022 subnational — water/toilet-facilities CSVs,DHS Ghana 1988–2022 subnational — diarrhea/child-mortality-rates/iycf/anemia CSVs,9.555956,-1.19792230212529,21538,43727,57.5,46.8,66152,61432,27261,25564,29223,31525,2023,2494,118090,69.4,2.2,18.8,56.5,96.5,25.0,29.9,72.0,15.0,67.3,52.0,2.8,3.4,4.5,56.02,52.02,15848,0.87,67.0,TOLON,Tolon,TOLON,True
Northern,Yendi Municipal,Municipal,Ghana Statistical Service 2021 Census — Master Sheet.xlsx,DHS Ghana 1993–2022 subnational — water/toilet-facilities CSVs,DHS Ghana 1988–2022 subnational — diarrhea/child-mortality-rates/iycf/anemia CSVs,9.4739214,0.022769270127783,35078,52937,38.3,45.3,71415,36683,33899,32507,39806,42284,2437,3488,154421,69.4,2.2,18.8,56.5,96.5,25.0,29.9,72.0,15.0,67.3,52.0,2.8,3.4,4.5,46.25,23.76,19922,0.809,60.15,YENDI,Yendi Municipal,YENDI,True
Northern,Zabzugu,District,Ghana Statistical Service 2021 Census — Master Sheet.xlsx,DHS Ghana 1993–2022 subnational — water/toilet-facilities CSVs,DHS Ghana 1988–2022 subnational — diarrhea/child-mortality-rates/iycf/anemia CSVs,9.294058,0.367064,19567,23899,42.7,43.3,46203,32326,20403,18977,19446,21673,1030,1317,82846,69.4,2.2,18.8,56.5,96.5,25.0,29.9,72.0,15.0,67.3,52.0,2.8,3.4,4.5,55.77,39.02,11814,0.958,54.98,ZABZUGU,Zabzugu,ZABZUGU,True
Oti,Biakoye,District,Ghana Statistical Service 2021 Census — Master Sheet.xlsx,DHS Ghana 1993–2022 subnational — water/toilet-facilities CSVs,DHS Ghana 1988–2022 subnational — diarrhea/child-mortality-rates/iycf/anemia CSVs,7.39217985,0.262973639210098,26316,18533,34.2,42.2,22512,28009,13938,13040,20259,20321,1872,2397,71827,60.6,0.0,14.4,65.1,97.0,44.0,48.7,66.9,32.0,44.6,72.0,6.7,1.6,5.2,31.34,39.0,8093,0.665,41.32,BIAKOYE,Biakoye,BIAKOYE,True
Oti,Guan,District,Ghana Statistical Service 2021 Census — Master Sheet.xlsx,DHS Ghana 1993–2022 subnational — water/toilet-facilities CSVs,DHS Ghana 1988–2022 subnational — diarrhea/child-mortality-rates/iycf/anemia CSVs,7.19092,0.60951,10218,9102,28.1,42.9,4992,7735,4642,4276,8596,7785,1215,1724,28238,60.6,0.0,14.4,65.1,97.0,44.0,48.7,66.9,32.0,44.6,72.0,6.7,1.6,5.2,17.68,27.39,2675,0.544,47.11,GUAN,,,False
Oti,Jasikan Municipal,Municipal,Ghana Statistical Service 2021 Census — Master Sheet.xlsx,DHS Ghana 1993–2022 subnational — water/toilet-facilities CSVs,DHS Ghana 1988–2022 subnational — diarrhea/child-mortality-rates/iycf/anemia CSVs,7.40707195,0.466071316332564,22068,17426,30.2,42.2,14510,21967,10365,9836,18458,17401,1618,2017,59695,60.6,0.0,14.4,65.1,97.0,44.0,48.7,66.9,32.0,44.6,72.0,6.7,1.6,5.2,24.31,36.8,6060,0.563,44.12,JASIKAN,Jasikan Municipal,JASIKAN,True
Oti,Kadjebi,District,Ghana Statistical Service 2021 Census — Master Sheet.xlsx,DHS Ghana 1993–2022 subnational — water/toilet-facilities CSVs,DHS Ghana 1988–2022 subnational — diarrhea/child-mortality-rates/iycf/anemia CSVs,7.7210325,0.534053201682814,27062,19482,27.2,41.5,21183,21373,14138,13277,21950,20709,1814,2071,73959,60.6,0.0,14.4,65.1,97.0,44.0,48.7,66.9,32.0,44.6,72.0,6.7,1.6,5.2,28.64,28.9,8224,0.643,41.86,KADJEBI,Kadjebi,KADJEBI,True
Oti,Krachi East Municipal,Municipal,Ghana Statistical Service 2021 Census — Master Sheet.xlsx,DHS Ghana 1993–2022 subnational — water/toilet-facilities CSVs,DHS Ghana 1988–2022 subnational — diarrhea/child-mortality-rates/iycf/anemia CSVs,7.69817,0.22447,38222,26542,41.2,41.6,48059,50657,23489,22182,30990,30218,1707,1849,110435,60.6,0.0,14.4,65.1,97.0,44.0,48.7,66.9,32.0,44.6,72.0,6.7,1.6,5.2,43.52,45.87,13701,0.746,40.98,KRACHI EAST,Krachi East Municipal,KRACHI EAST,True
Oti,Krachi Nchumuru,District,Ghana Statistical Service 2021 Census — Master Sheet.xlsx,DHS Ghana 1993–2022 subnational — water/toilet-facilities CSVs,DHS Ghana 1988–2022 subnational — diarrhea/child-mortality-rates/iycf/anemia CSVs,8.1892008,-0.0866133771431008,28802,17142,47.2,40.8,38203,47974,17598,16392,21445,21370,1324,1805,79934,60.6,0.0,14.4,65.1,97.0,44.0,48.7,66.9,32.0,44.6,72.0,6.7,1.6,5.2,47.79,60.02,10197,0.794,37.31,KRACHI NCHUMURU,Krachi Nchumuru,KRACHI NCHUMURU,True
Oti,Krachi West Municipal,Municipal,Ghana Statistical Service 2021 Census — Master Sheet.xlsx,DHS Ghana 1993–2022 subnational — water/toilet-facilities CSVs,DHS Ghana 1988–2022 subnational — diarrhea/child-mortality-rates/iycf/anemia CSVs,7.8,-0.01667,20533,17593,37.4,41.7,25155,15465,11860,11142,18268,17444,1081,1333,61128,60.6,0.0,14.4,65.1,97.0,44.0,48.7,66.9,32.0,44.6,72.0,6.7,1.6,5.2,41.15,25.3,6901,0.644,46.14,KRACHI WEST,Krachi West Municipal,KRACHI WEST,True
Oti,Nkwanta North (Kpassa),District,Ghana Statistical Service 2021 Census — Master Sheet.xlsx,DHS Ghana 1993–2022 subnational — water/toilet-facilities CSVs,DHS Ghana 1988–2022 subnational — diarrhea/child-mortality-rates/iycf/anemia CSVs,8.4892994,0.3094664,39799,29263,55.2,41.7,69270,92265,28933,28101,32315,33375,1374,1998,126096,60.6,0.0,14.4,65.1,97.0,44.0,48.7,66.9,32.0,44.6,72.0,6.7,1.6,5.2,54.93,73.17,17110,0.868,42.37,NKWANTA NORTH (KPASSA),Nkwanta North,NKWANTA NORTH,True
Oti,Nkwanta South Municipal,Municipal,Ghana Statistical Service 2021 Census — Master Sheet.xlsx,DHS Ghana 1993–2022 subnational — water/toilet-facilities CSVs,DHS Ghana 1988–2022 subnational — diarrhea/child-mortality-rates/iycf/anemia CSVs,8.25811615,0.509975335946734,47109,32265,42.8,41.8,60865,71074,29048,27514,36847,37565,2248,2714,135936,60.6,0.0,14.4,65.1,97.0,44.0,48.7,66.9,32.0,44.6,72.0,6.7,1.6,5.2,44.77,52.28,16969,0.76,40.65,NKWANTA SOUTH,Nkwanta South Municipal,NKWANTA SOUTH,True
Savannah,Bole,District,Ghana Statistical Service 2021 Census — Master Sheet.xlsx,DHS Ghana 1993–2022 subnational — water/toilet-facilities CSVs,DHS Ghana 1988–2022 subnational — diarrhea/child-mortality-rates/iycf/anemia CSVs,8.69166865,-2.17855621492469,27779,44167,37.2,44.8,56513,22652,22281,21573,36043,32286,1579,2038,115800,62.8,1.6,22.0,63.3,95.5,46.0,26.5,61.9,32.0,71.1,63.0,2.4,2.6,2.9,48.8,19.56,13156,0.642,61.39,BOLE,Bole,BOLE,True
Savannah,Central Gonja,District,Ghana Statistical Service 2021 Census — Master Sheet.xlsx,DHS Ghana 1993–2022 subnational — water/toilet-facilities CSVs,DHS Ghana 1988–2022 subnational — diarrhea/child-mortality-rates/iycf/anemia CSVs,8.93715119999999,-1.10983922943129,24193,52626,61.8,46.6,81261,65926,33708,32235,36113,37012,1814,1880,142762,62.8,1.6,22.0,63.3,95.5,46.0,26.5,61.9,32.0,71.1,63.0,2.4,2.6,2.9,56.92,46.18,19783,0.902,68.51,CENTRAL GONJA,Central Gonja,CENTRAL GONJA,True
Savannah,East Gonja Municipal,Municipal,Ghana Statistical Service 2021 Census — Master Sheet.xlsx,DHS Ghana 1993–2022 subnational — water/toilet-facilities CSVs,DHS Ghana 1988–2022 subnational — diarrhea/child-mortality-rates/iycf/anemia CSVs,8.347473,-0.7895018232454,31564,37727,38.8,43.1,60387,34704,24863,23601,33657,32157,1679,1798,117755,62.8,1.6,22.0,63.3,95.5,46.0,26.5,61.9,32.0,71.1,63.0,2.4,2.6,2.9,51.28,29.47,14539,0.736,54.45,EAST GONJA,East Gonja Municipal,EAST GONJA,True
Savannah,North East Gonja,District,Ghana Statistical Service 2021 Census — Master Sheet.xlsx,DHS Ghana 1993–2022 subnational — water/toilet-facilities CSVs,DHS Ghana 1988–2022 subnational — diarrhea/child-mortality-rates/iycf/anemia CSVs,8.98787705,-0.403868101269744,8662,12137,60.4,45.6,23615,23207,9616,8989,9775,9966,526,532,39404,62.8,1.6,22.0,63.3,95.5,46.0,26.5,61.9,32.0,71.1,63.0,2.4,2.6,2.9,59.93,58.9,5582,0.942,58.35,NORTH EAST GONJA,North East Gonja,NORTH EAST GONJA,True
Savannah,North Gonja,District,Ghana Statistical Service 2021 Census — Master Sheet.xlsx,DHS Ghana 1993–2022 subnational — water/toilet-facilities CSVs,DHS Ghana 1988–2022 subnational — diarrhea/child-mortality-rates/iycf/anemia CSVs,8.98787705,-0.403868101269744,12152,21266,58.4,47.2,36888,36681,14200,13825,15763,15868,801,986,61443,62.8,1.6,22.0,63.3,95.5,46.0,26.5,61.9,32.0,71.1,63.0,2.4,2.6,2.9,60.04,59.7,8408,0.886,63.64,NORTH GONJA,North Gonja,NORTH GONJA,True
Savannah,Sawla Tuna Kalba,District,Ghana Statistical Service 2021 Census — Master Sheet.xlsx,DHS Ghana 1993–2022 subnational — water/toilet-facilities CSVs,DHS Ghana 1988–2022 subnational — diarrhea/child-mortality-rates/iycf/anemia CSVs,9.4809443,-2.41330933679435,22712,43064,54.2,46.9,66172,48272,23714,23174,26941,33062,2349,3424,112664,62.8,1.6,22.0,63.3,95.5,46.0,26.5,61.9,32.0,71.1,63.0,2.4,2.6,2.9,58.73,42.85,14066,0.781,65.47,SAWLA TUNA KALBA,Sawla Tuna Kalba,SAWLA TUNA KALBA,True
Savannah,West Gonja,Municipal,Ghana Statistical Service 2021 Census — Master Sheet.xlsx,DHS Ghana 1993–2022 subnational — water/toilet-facilities CSVs,DHS Ghana 1988–2022 subnational — diarrhea/child-mortality-rates/iycf/anemia CSVs,9.5267018,-1.5071681,10305,28704,39.7,44.9,25501,5633,12525,11915,18794,18196,951,1068,63449,62.8,1.6,22.0,63.3,95.5,46.0,26.5,61.9,32.0,71.1,63.0,2.4,2.6,2.9,40.19,8.88,7332,0.661,73.58,WEST GONJA,West Gonja,WEST GONJA,True
Upper East,Bawku Municipal,Municipal,Ghana Statistical Service 2021 Census — Master Sheet.xlsx,DHS Ghana 1993–2022 subnational — water/toilet-facilities CSVs,DHS Ghana 1988–2022 subnational — diarrhea/child-mortality-rates/iycf/anemia CSVs,11.0607602,-0.2422876,31016,42804,23.6,44.8,49713,8649,23314,22324,32217,34839,2498,4266,119458,69.3,1.8,9.1,66.4,97.4,36.0,30.0,96.8,27.0,68.3,49.0,1.8,2.9,2.7,41.62,7.24,13691,0.681,57.98,BAWKU,Bawku Municipal,BAWKU,True
Upper East,Bawku West,District,Ghana Statistical Service 2021 Census — Master Sheet.xlsx,DHS Ghana 1993–2022 subnational — water/toilet-facilities CSVs,DHS Ghana 1988–2022 subnational — diarrhea/child-mortality-rates/iycf/anemia CSVs,10.84277,-0.492947618512454,30266,55329,47.6,47.2,74798,18214,30246,28348,37320,39958,3215,5102,144189,69.3,1.8,9.1,66.4,97.4,36.0,30.0,96.8,27.0,68.3,49.0,1.8,2.9,2.7,51.87,12.63,17578,0.758,64.64,BAWKU WEST,Bawku West,BAWKU WEST,True
Upper East,Binduri,District,Ghana Statistical Service 2021 Census — Master Sheet.xlsx,DHS Ghana 1993–2022 subnational — water/toilet-facilities CSVs,DHS Ghana 1988–2022 subnational — diarrhea/child-mortality-rates/iycf/anemia CSVs,10.9694889,-0.3062234,13742,32587,53.8,47.8,40396,10934,15617,14733,19298,21406,2076,3549,76679,69.3,1.8,9.1,66.4,97.4,36.0,30.0,96.8,27.0,68.3,49.0,1.8,2.9,2.7,52.68,14.26,9105,0.746,70.34,BINDURI,Binduri,BINDURI,True
Upper East,Bolgatanga East,District,Ghana Statistical Service 2021 Census — Master Sheet.xlsx,DHS Ghana 1993–2022 subnational — water/toilet-facilities CSVs,DHS Ghana 1988–2022 subnational — diarrhea/child-mortality-rates/iycf/anemia CSVs,10.7853963,-0.8487322,9790,15601,24.9,44.0,12504,2878,6860,6573,11258,11835,718,1580,38824,69.3,1.8,9.1,66.4,97.4,36.0,30.0,96.8,27.0,68.3,49.0,1.8,2.9,2.7,32.21,7.41,4030,0.582,61.44,BOLGATANGA EAST,Bolga  East,BOLGA EAST,True
Upper East,Bolgatanga Municipal,Municipal,Ghana Statistical Service 2021 Census — Master Sheet.xlsx,DHS Ghana 1993–2022 subnational — water/toilet-facilities CSVs,DHS Ghana 1988–2022 subnational — diarrhea/child-mortality-rates/iycf/anemia CSVs,10.7853963,-0.8487322,41187,52286,20.2,44.8,40341,12511,24732,24304,40979,46310,2139,4045,142509,69.3,1.8,9.1,66.4,97.4,36.0,30.0,96.8,27.0,68.3,49.0,1.8,2.9,2.7,28.31,8.78,14711,0.562,55.94,BOLGATANGA,Bolgatanga Municipal,BOLGATANGA,True
Upper East,Bongo,District,Ghana Statistical Service 2021 Census — Master Sheet.xlsx,DHS Ghana 1993–2022 subnational — water/toilet-facilities CSVs,DHS Ghana 1988–2022 subnational — diarrhea/child-mortality-rates/iycf/anemia CSVs,10.9166838999999,-0.805767855895511,16592,56294,54.0,48.5,51970,19822,22357,21188,30052,35165,2685,4984,116431,69.3,1.8,9.1,66.4,97.4,36.0,30.0,96.8,27.0,68.3,49.0,1.8,2.9,2.7,44.64,17.02,13064,0.668,77.24,BONGO,Bongo,BONGO,True
Upper East,Builsa North Municipal,Municipal,Ghana Statistical Service 2021 Census — Master Sheet.xlsx,DHS Ghana 1993–2022 subnational — water/toilet-facilities CSVs,DHS Ghana 1988–2022 subnational — diarrhea/child-mortality-rates/iycf/anemia CSVs,10.73472,-1.29056,12841,24155,39.7,46.8,22586,6489,10206,9369,16697,16143,1429,2727,56571,69.3,1.8,9.1,66.4,97.4,36.0,30.0,96.8,27.0,68.3,49.0,1.8,2.9,2.7,39.93,11.47,5872,0.596,65.29,BUILSA NORTH,Builsa North Municipal,BUILSA NORTH,True
Upper East,Builsa South,District,Ghana Statistical Service 2021 Census — Master Sheet.xlsx,DHS Ghana 1993–2022 subnational — water/toilet-facilities CSVs,DHS Ghana 1988–2022 subnational — diarrhea/child-mortality-rates/iycf/anemia CSVs,10.53032385,-1.26246582508358,6949,15982,55.1,47.7,18682,8007,7090,6554,10496,10263,742,1430,36575,69.3,1.8,9.1,66.4,97.4,36.0,30.0,96.8,27.0,68.3,49.0,1.8,2.9,2.7,51.08,21.89,4093,0.657,69.7,BUILSA SOUTH,Builsa South,BUILSA SOUTH,True
Upper East,Garu,District,Ghana Statistical Service 2021 Census — Master Sheet.xlsx,DHS Ghana 1993–2022 subnational — water/toilet-facilities CSVs,DHS Ghana 1988–2022 subnational — diarrhea/child-mortality-rates/iycf/anemia CSVs,10.76975475,-0.21182067584702,15489,27113,44.7,47.7,36894,14309,14969,14203,17246,19558,2219,3579,71774,69.3,1.8,9.1,66.4,97.4,36.0,30.0,96.8,27.0,68.3,49.0,1.8,2.9,2.7,51.4,19.94,8752,0.793,63.64,GARU,Garu,GARU,True
Upper East,Kasena Nankana Municipal,Municipal,Ghana Statistical Service 2021 Census — Master Sheet.xlsx,DHS Ghana 1993–2022 subnational — water/toilet-facilities CSVs,DHS Ghana 1988–2022 subnational — diarrhea/child-mortality-rates/iycf/anemia CSVs,10.895598,-1.30768,23082,44019,33.8,47.1,32647,12449,16622,16172,29966,31126,2070,3939,99895,69.3,1.8,9.1,66.4,97.4,36.0,30.0,96.8,27.0,68.3,49.0,1.8,2.9,2.7,32.68,12.46,9838,0.537,65.6,KASENA NANKANA,Kasena Nankana East,KASENA NANKANA EAST,True
Upper East,Kasena Nankana West,District,Ghana Statistical Service 2021 Census — Master Sheet.xlsx,DHS Ghana 1993–2022 subnational — water/toilet-facilities CSVs,DHS Ghana 1988–2022 subnational — diarrhea/child-mortality-rates/iycf/anemia CSVs,10.895598,-1.30768,15015,42880,53.6,47.4,37336,12340,16879,15961,24454,26493,2576,4372,90735,69.3,1.8,9.1,66.4,97.4,36.0,30.0,96.8,27.0,68.3,49.0,1.8,2.9,2.7,41.15,13.6,9852,0.645,74.07,KASENA NANKANA WEST,Kasena Nankana West,KASENA NANKANA WEST,True
Upper East,Nabdam,District,Ghana Statistical Service 2021 Census — Master Sheet.xlsx,DHS Ghana 1993–2022 subnational — water/toilet-facilities CSVs,DHS Ghana 1988–2022 subnational — diarrhea/child-mortality-rates/iycf/anemia CSVs,10.8469045,-0.661562047243897,5352,29181,68.6,51.2,24677,10522,9547,8959,15580,16128,1008,1817,53039,69.3,1.8,9.1,66.4,97.4,36.0,30.0,96.8,27.0,68.3,49.0,1.8,2.9,2.7,46.53,19.84,5552,0.584,84.5,NABDAM,Nabdam,NABDAM,True
Upper East,Pusiga,District,Ghana Statistical Service 2021 Census — Master Sheet.xlsx,DHS Ghana 1993–2022 subnational — water/toilet-facilities CSVs,DHS Ghana 1988–2022 subnational — diarrhea/child-mortality-rates/iycf/anemia CSVs,11.0854045,-0.1276855,15814,30610,40.8,45.4,44153,6809,17464,16645,19362,22108,1943,3011,80533,69.3,1.8,9.1,66.4,97.4,36.0,30.0,96.8,27.0,68.3,49.0,1.8,2.9,2.7,54.83,8.45,10233,0.822,65.94,PUSIGA,Pusiga,PUSIGA,True
Upper East,Talensi,District,Ghana Statistical Service 2021 Census — Master Sheet.xlsx,DHS Ghana 1993–2022 subnational — water/toilet-facilities CSVs,DHS Ghana 1988–2022 subnational — diarrhea/child-mortality-rates/iycf/anemia CSVs,10.6451057499999,-0.62587443176215,15187,39504,56.2,48.9,35409,16401,16765,15565,25355,24262,1729,3345,87021,69.3,1.8,9.1,66.4,97.4,36.0,30.0,96.8,27.0,68.3,49.0,1.8,2.9,2.7,40.69,18.85,9699,0.652,72.23,TALENSI,Talensi,TALENSI,True
Upper East,Tempane,District,Ghana Statistical Service 2021 Census — Master Sheet.xlsx,DHS Ghana 1993–2022 subnational — water/toilet-facilities CSVs,DHS Ghana 1988–2022 subnational — diarrhea/child-mortality-rates/iycf/anemia CSVs,10.9030714,-0.0914351270233069,16027,35236,50.7,48.1,47667,15911,18264,17466,20421,24065,2583,4194,86993,69.3,1.8,9.1,66.4,97.4,36.0,30.0,96.8,27.0,68.3,49.0,1.8,2.9,2.7,54.79,18.29,10719,0.803,68.74,TEMPANE,Tempane,TEMPANE,True
Upper West,Daffiama Bussie Issa,District,Ghana Statistical Service 2021 Census — Master Sheet.xlsx,DHS Ghana 1993–2022 subnational — water/toilet-facilities CSVs,DHS Ghana 1988–2022 subnational — diarrhea/child-mortality-rates/iycf/anemia CSVs,10.36748405,-2.26222672458466,10070,13695,38.7,44.4,21566,10188,7768,7221,10310,10968,845,1642,38754,61.2,1.7,6.4,61.2,98.2,25.0,26.9,97.9,16.0,57.2,42.0,15.9,0.8,0.5,55.65,26.29,4497,0.704,57.63,DAFFIAMA BUSSIE ISSA,Daffiama Bussie Issa,DAFFIAMA BUSSIE ISSA,True
Upper West,Jirapa Municipal,Municipal,Ghana Statistical Service 2021 Census — Master Sheet.xlsx,DHS Ghana 1993–2022 subnational — water/toilet-facilities CSVs,DHS Ghana 1988–2022 subnational — diarrhea/child-mortality-rates/iycf/anemia CSVs,10.5366328,-2.7008646,15207,42406,50.1,47.4,44829,11356,17123,16543,23894,27936,2004,3779,91279,61.2,1.7,6.4,61.2,98.2,25.0,26.9,97.9,16.0,57.2,42.0,15.9,0.8,0.5,49.11,12.44,10100,0.65,73.6,JIRAPA,Jirapa Municipal,JIRAPA,True
Upper West,Lambussie Karni,District,Ghana Statistical Service 2021 Census — Master Sheet.xlsx,DHS Ghana 1993–2022 subnational — water/toilet-facilities CSVs,DHS Ghana 1988–2022 subnational — diarrhea/child-mortality-rates/iycf/anemia CSVs,10.846747,-2.708741,10758,19875,44.2,46.0,25646,5836,10644,9841,13368,14326,1048,1891,51118,61.2,1.7,6.4,61.2,98.2,25.0,26.9,97.9,16.0,57.2,42.0,15.9,0.8,0.5,50.17,11.42,6146,0.74,64.88,LAMBUSSIE KARNI,Lambussie Karni,LAMBUSSIE KARNI,True
Upper West,Lawra Municipal,Municipal,Ghana Statistical Service 2021 Census — Master Sheet.xlsx,DHS Ghana 1993–2022 subnational — water/toilet-facilities CSVs,DHS Ghana 1988–2022 subnational — diarrhea/child-mortality-rates/iycf/anemia CSVs,10.61348995,-2.86412434170417,12718,24866,39.5,45.8,26943,3535,10757,10092,16108,17366,1460,2650,58433,61.2,1.7,6.4,61.2,98.2,25.0,26.9,97.9,16.0,57.2,42.0,15.9,0.8,0.5,46.11,6.05,6255,0.623,66.16,LAWRA,Lawra Municipal,LAWRA,True
Upper West,Nadowli Kaleo,District,Ghana Statistical Service 2021 Census — Master Sheet.xlsx,DHS Ghana 1993–2022 subnational — water/toilet-facilities CSVs,DHS Ghana 1988–2022 subnational — diarrhea/child-mortality-rates/iycf/anemia CSVs,10.2868347,-2.6394776056347,16572,32214,40.6,47.2,34105,9882,14459,13812,20639,22624,1895,3628,77057,61.2,1.7,6.4,61.2,98.2,25.0,26.9,97.9,16.0,57.2,42.0,15.9,0.8,0.5,44.26,12.82,8481,0.653,66.03,NADOWLI KALEO,Nadowli Kaleo,NADOWLI KALEO,True
Upper West,Nandom,Municipal,Ghana Statistical Service 2021 Census — Master Sheet.xlsx,DHS Ghana 1993–2022 subnational — water/toilet-facilities CSVs,DHS Ghana 1988–2022 subnational — diarrhea/child-mortality-rates/iycf/anemia CSVs,10.8520701,-2.760077,11997,21466,31.8,44.8,22506,2685,9167,8698,15098,14682,1312,2371,51328,61.2,1.7,6.4,61.2,98.2,25.0,26.9,97.9,16.0,57.2,42.0,15.9,0.8,0.5,43.85,5.23,5360,0.6,64.15,NANDOM,Nandom,NANDOM,True
Upper West,Sissala East Municipal,Municipal,Ghana Statistical Service 2021 Census — Master Sheet.xlsx,DHS Ghana 1993–2022 subnational — water/toilet-facilities CSVs,DHS Ghana 1988–2022 subnational — diarrhea/child-mortality-rates/iycf/anemia CSVs,10.59705475,-1.85050542952138,23696,25675,28.8,44.3,36973,13326,15883,15365,22675,23421,1310,1965,80619,61.2,1.7,6.4,61.2,98.2,25.0,26.9,97.9,16.0,57.2,42.0,15.9,0.8,0.5,45.86,16.53,9374,0.678,52.0,SISSALA EAST,Sissala East Municipal,SISSALA EAST,True
Upper West,Sissala West,District,Ghana Statistical Service 2021 Census — Master Sheet.xlsx,DHS Ghana 1993–2022 subnational — water/toilet-facilities CSVs,DHS Ghana 1988–2022 subnational — diarrhea/child-mortality-rates/iycf/anemia CSVs,10.7467085,-2.29346951572635,15085,22345,32.3,46.1,31815,7964,13593,12805,16844,17554,1119,1913,63828,61.2,1.7,6.4,61.2,98.2,25.0,26.9,97.9,16.0,57.2,42.0,15.9,0.8,0.5,49.84,12.48,7919,0.767,59.7,SISSALA WEST,Sissala West,SISSALA WEST,True
Upper West,Wa East,District,Ghana Statistical Service 2021 Census — Master Sheet.xlsx,DHS Ghana 1993–2022 subnational — water/toilet-facilities CSVs,DHS Ghana 1988–2022 subnational — diarrhea/child-mortality-rates/iycf/anemia CSVs,10.06069,-2.50192,24065,29821,48.7,45.3,53226,28685,19492,18079,25357,24624,1772,2133,91457,61.2,1.7,6.4,61.2,98.2,25.0,26.9,97.9,16.0,57.2,42.0,15.9,0.8,0.5,58.2,31.36,11271,0.752,55.34,WA EAST,Wa East,WA EAST,True
Upper West,Wa Municipal,Municipal,Ghana Statistical Service 2021 Census — Master Sheet.xlsx,DHS Ghana 1993–2022 subnational — water/toilet-facilities CSVs,DHS Ghana 1988–2022 subnational — diarrhea/child-mortality-rates/iycf/anemia CSVs,10.0623261,-2.5054273,55802,74417,16.5,43.4,54484,21847,35425,35028,60148,62830,2920,4321,200672,61.2,1.7,6.4,61.2,98.2,25.0,26.9,97.9,16.0,57.2,42.0,15.9,0.8,0.5,27.15,10.89,21136,0.573,57.15,WA,Wa Municipal,WA,True
Upper West,Wa West,District,Ghana Statistical Service 2021 Census — Master Sheet.xlsx,DHS Ghana 1993–2022 subnational — water/toilet-facilities CSVs,DHS Ghana 1988–2022 subnational — diarrhea/child-mortality-rates/iycf/anemia CSVs,9.8985772,-2.6832633,18605,38398,61.9,48.7,54974,29934,20291,19663,23133,27784,2456,3630,96957,61.2,1.7,6.4,61.2,98.2,25.0,26.9,97.9,16.0,57.2,42.0,15.9,0.8,0.5,56.7,30.87,11986,0.785,67.36,WA WEST,Wa West,WA WEST,True
Volta,Adaklu,District,Ghana Statistical Service 2021 Census — Master Sheet.xlsx,DHS Ghana 1993–2022 subnational — water/toilet-facilities CSVs,DHS Ghana 1988–2022 subnational — diarrhea/child-mortality-rates/iycf/anemia CSVs,6.4470511,0.6286474,12326,12465,33.2,43.6,11060,10446,7153,6705,10721,11393,1089,1588,38649,51.3,0.9,9.1,68.4,98.9,38.0,67.7,88.4,29.0,19.9,47.0,12.4,2.5,3.2,28.62,27.03,4157,0.627,50.28,ADAKLU,Adaklu,ADAKLU,True
Volta,Afadzato South,District,Ghana Statistical Service 2021 Census — Master Sheet.xlsx,DHS Ghana 1993–2022 subnational — water/toilet-facilities CSVs,DHS Ghana 1988–2022 subnational — diarrhea/child-mortality-rates/iycf/anemia CSVs,7.0222497,0.561946,21981,25555,32.5,43.7,14099,21171,13038,12572,20683,21229,2360,3264,73146,51.3,0.9,9.1,68.4,98.9,38.0,67.7,88.4,29.0,19.9,47.0,12.4,2.5,3.2,19.28,28.94,7683,0.611,53.76,AFADZATO SOUTH,Afadzato South,AFADZATO SOUTH,True
Volta,Agortime-Ziope,District,Ghana Statistical Service 2021 Census — Master Sheet.xlsx,DHS Ghana 1993–2022 subnational — water/toilet-facilities CSVs,DHS Ghana 1988–2022 subnational — diarrhea/child-mortality-rates/iycf/anemia CSVs,6.42618935,0.732357165932429,15226,10905,25.7,43.4,11971,10152,6706,6716,11021,12218,1064,1828,39553,51.3,0.9,9.1,68.4,98.9,38.0,67.7,88.4,29.0,19.9,47.0,12.4,2.5,3.2,30.27,25.67,4027,0.578,41.73,AGORTIME ZIOPE,Agotime Ziope,AGOTIME ZIOPE,True
Volta,Akatsi North,District,Ghana Statistical Service 2021 Census — Master Sheet.xlsx,DHS Ghana 1993–2022 subnational — water/toilet-facilities CSVs,DHS Ghana 1988–2022 subnational — diarrhea/child-mortality-rates/iycf/anemia CSVs,6.3108306,0.876439062223793,10667,10630,39.3,44.4,11624,16744,5827,5631,8505,10014,913,1865,32755,51.3,0.9,9.1,68.4,98.9,38.0,67.7,88.4,29.0,19.9,47.0,12.4,2.5,3.2,35.49,51.12,3437,0.619,49.91,AKATSI NORTH,Akatsi North,AKATSI NORTH,True
Volta,Akatsi South Municipal,District,Ghana Statistical Service 2021 Census — Master Sheet.xlsx,DHS Ghana 1993–2022 subnational — water/toilet-facilities CSVs,DHS Ghana 1988–2022 subnational — diarrhea/child-mortality-rates/iycf/anemia CSVs,8.25846,0.508747,28601,32012,30.1,44.5,26836,28973,15952,15568,24603,29179,2342,4489,92133,51.3,0.9,9.1,68.4,98.9,38.0,67.7,88.4,29.0,19.9,47.0,12.4,2.5,3.2,29.13,31.45,9456,0.586,52.81,AKATSI SOUTH,Akatsi South Municipal,AKATSI SOUTH,True
Volta,Anloga,District,Ghana Statistical Service 2021 Census — Master Sheet.xlsx,DHS Ghana 1993–2022 subnational — water/toilet-facilities CSVs,DHS Ghana 1988–2022 subnational — diarrhea/child-mortality-rates/iycf/anemia CSVs,5.7936484,0.8984702,27359,36184,31.6,45.9,29252,41680,15986,15366,26025,29534,2698,5286,94895,51.3,0.9,9.1,68.4,98.9,38.0,67.7,88.4,29.0,19.9,47.0,12.4,2.5,3.2,30.83,43.92,9406,0.564,56.94,ANLOGA,Anloga,ANLOGA,True
Volta,Central Tongu,District,Ghana Statistical Service 2021 Census — Master Sheet.xlsx,DHS Ghana 1993–2022 subnational — water/toilet-facilities CSVs,DHS Ghana 1988–2022 subnational — diarrhea/child-mortality-rates/iycf/anemia CSVs,6.16884364999999,0.611561745917151,24532,28243,36.0,44.4,29161,26329,15476,15033,21648,25244,2067,3816,83284,51.3,0.9,9.1,68.4,98.9,38.0,67.7,88.4,29.0,19.9,47.0,12.4,2.5,3.2,35.01,31.61,9153,0.651,53.52,CENTRAL TONGU,Central Tongu,CENTRAL TONGU,True
Volta,Ho Municipal,Municipal,Ghana Statistical Service 2021 Census — Master Sheet.xlsx,DHS Ghana 1993–2022 subnational — water/toilet-facilities CSVs,DHS Ghana 1988–2022 subnational — diarrhea/child-mortality-rates/iycf/anemia CSVs,6.6126598,0.4688932,61676,68181,12.5,42.1,19028,24246,25031,25254,55464,63965,4215,6213,180142,51.3,0.9,9.1,68.4,98.9,38.0,67.7,88.4,29.0,19.9,47.0,12.4,2.5,3.2,10.56,13.46,15086,0.421,52.5,HO,Ho Municipal,HO,True
Volta,Ho West,District,Ghana Statistical Service 2021 Census — Master Sheet.xlsx,DHS Ghana 1993–2022 subnational — water/toilet-facilities CSVs,DHS Ghana 1988–2022 subnational — diarrhea/child-mortality-rates/iycf/anemia CSVs,6.590707,0.46714,28395,28088,27.9,42.7,15702,25710,13846,12843,23357,25820,2929,4377,83172,51.3,0.9,9.1,68.4,98.9,38.0,67.7,88.4,29.0,19.9,47.0,12.4,2.5,3.2,18.88,30.91,8007,0.543,49.73,HO WEST,Ho West,HO WEST,True
Volta,Hohoe Municipal,Municipal,Ghana Statistical Service 2021 Census — Master Sheet.xlsx,DHS Ghana 1993–2022 subnational — water/toilet-facilities CSVs,DHS Ghana 1988–2022 subnational — diarrhea/child-mortality-rates/iycf/anemia CSVs,7.153187,0.477735,37248,39037,18.8,42.8,18377,22140,19113,19074,33152,36705,2628,3800,114472,51.3,0.9,9.1,68.4,98.9,38.0,67.7,88.4,29.0,19.9,47.0,12.4,2.5,3.2,16.05,19.34,11456,0.547,51.17,HOHOE,Hohoe Municipal,HOHOE,True
Volta,Keta Municipal,Municipal,Ghana Statistical Service 2021 Census — Master Sheet.xlsx,DHS Ghana 1993–2022 subnational — water/toilet-facilities CSVs,DHS Ghana 1988–2022 subnational — diarrhea/child-mortality-rates/iycf/anemia CSVs,5.9215688,0.9910728,23209,31662,25.2,45.0,19817,21523,12367,11624,22241,25780,2378,4472,78862,51.3,0.9,9.1,68.4,98.9,38.0,67.7,88.4,29.0,19.9,47.0,12.4,2.5,3.2,25.13,27.29,7197,0.5,57.7,KETA,Keta Municipal,KETA,True
Volta,Ketu North Municipal,Municipal,Ghana Statistical Service 2021 Census — Master Sheet.xlsx,DHS Ghana 1993–2022 subnational — water/toilet-facilities CSVs,DHS Ghana 1988–2022 subnational — diarrhea/child-mortality-rates/iycf/anemia CSVs,6.192057,0.981151401381816,38123,37133,27.2,44.3,36305,43719,20368,19369,30658,35821,2972,5805,114993,51.3,0.9,9.1,68.4,98.9,38.0,67.7,88.4,29.0,19.9,47.0,12.4,2.5,3.2,31.57,38.02,11921,0.598,49.34,KETU NORTH,Ketu North Municipal,KETU NORTH,True
Volta,Ketu South Municipal,Municipal,Ghana Statistical Service 2021 Census — Master Sheet.xlsx,DHS Ghana 1993–2022 subnational — water/toilet-facilities CSVs,DHS Ghana 1988–2022 subnational — diarrhea/child-mortality-rates/iycf/anemia CSVs,6.07748514999999,1.0706219725046,74834,84471,25.6,45.4,76082,121139,47547,46270,68949,77440,4781,8135,253122,51.3,0.9,9.1,68.4,98.9,38.0,67.7,88.4,29.0,19.9,47.0,12.4,2.5,3.2,30.06,47.86,28145,0.641,53.02,KETU SOUTH,Ketu South Municipal,KETU SOUTH,True
Volta,Kpando Municipal,Municipal,Ghana Statistical Service 2021 Census — Master Sheet.xlsx,DHS Ghana 1993–2022 subnational — water/toilet-facilities CSVs,DHS Ghana 1988–2022 subnational — diarrhea/child-mortality-rates/iycf/anemia CSVs,7.0000115,0.318327973849328,18561,21639,23.4,43.4,10992,11556,9306,9046,18573,18164,1415,2048,58552,51.3,0.9,9.1,68.4,98.9,38.0,67.7,88.4,29.0,19.9,47.0,12.4,2.5,3.2,18.77,19.74,5506,0.5,53.83,KPANDO,Kpando Municipal,KPANDO,True
Volta,North Dayi,District,Ghana Statistical Service 2021 Census — Master Sheet.xlsx,DHS Ghana 1993–2022 subnational — water/toilet-facilities CSVs,DHS Ghana 1988–2022 subnational — diarrhea/child-mortality-rates/iycf/anemia CSVs,6.91384645,0.22267318926127,12527,14591,30.1,43.6,7589,8976,6244,5906,11277,11896,1554,2391,39268,51.3,0.9,9.1,68.4,98.9,38.0,67.7,88.4,29.0,19.9,47.0,12.4,2.5,3.2,19.33,22.86,3645,0.524,53.81,NORTH DAYI,North Dayi,NORTH DAYI,True
Volta,North Tongu,District,Ghana Statistical Service 2021 Census — Master Sheet.xlsx,DHS Ghana 1993–2022 subnational — water/toilet-facilities CSVs,DHS Ghana 1988–2022 subnational — diarrhea/child-mortality-rates/iycf/anemia CSVs,6.14399495,0.297188924896433,33245,36059,38.4,45.4,34242,45575,21452,20654,29254,33512,2535,4003,111410,51.3,0.9,9.1,68.4,98.9,38.0,67.7,88.4,29.0,19.9,47.0,12.4,2.5,3.2,30.74,40.91,12632,0.671,52.03,NORTH TONGU,North Tongu,NORTH TONGU,True
Volta,South Dayi,District,Ghana Statistical Service 2021 Census — Master Sheet.xlsx,DHS Ghana 1993–2022 subnational — water/toilet-facilities CSVs,DHS Ghana 1988–2022 subnational — diarrhea/child-mortality-rates/iycf/anemia CSVs,6.5449087,0.240546020283373,16500,21760,29.0,44.3,12238,12038,9829,9429,17376,17233,1509,2142,57518,51.3,0.9,9.1,68.4,98.9,38.0,67.7,88.4,29.0,19.9,47.0,12.4,2.5,3.2,21.28,20.93,5777,0.556,56.87,SOUTH DAYI,South Dayi,SOUTH DAYI,True
Volta,South Tongu,District,Ghana Statistical Service 2021 Census — Master Sheet.xlsx,DHS Ghana 1993–2022 subnational — water/toilet-facilities CSVs,DHS Ghana 1988–2022 subnational — diarrhea/child-mortality-rates/iycf/anemia CSVs,5.96577275,0.641061228110148,33924,38903,32.4,45.2,32459,38843,20408,19879,29659,35644,2421,5103,113114,51.3,0.9,9.1,68.4,98.9,38.0,67.7,88.4,29.0,19.9,47.0,12.4,2.5,3.2,28.7,34.34,12086,0.617,53.42,SOUTH TONGU,South Tongu,SOUTH TONGU,True
Western,Ahanta West Municipal,Municipal,Ghana Statistical Service 2021 Census — Master Sheet.xlsx,DHS Ghana 1993–2022 subnational — water/toilet-facilities CSVs,DHS Ghana 1988–2022 subnational — diarrhea/child-mortality-rates/iycf/anemia CSVs,4.8514282,-1.98665461803006,49812,47885,27.2,44.7,38266,70901,27867,27576,45127,47048,2225,3297,153140,46.1,1.1,4.9,65.0,96.8,36.0,72.6,94.3,25.0,9.7,48.0,17.7,1.6,1.4,24.99,46.3,16633,0.601,49.01,AHANTA WEST,Ahanta West Municipal,AHANTA WEST,True
Western,Effia Kwesimintsim Municipal,Municipal,Ghana Statistical Service 2021 Census — Master Sheet.xlsx,DHS Ghana 1993–2022 subnational — water/toilet-facilities CSVs,DHS Ghana 1988–2022 subnational — diarrhea/child-mortality-rates/iycf/anemia CSVs,4.96766095,-1.80360599719917,63585,57847,9.3,42.5,15630,40568,26270,26273,56495,57599,3099,4239,173975,46.1,1.1,4.9,65.0,96.8,36.0,72.6,94.3,25.0,9.7,48.0,17.7,1.6,1.4,8.98,23.32,15763,0.461,47.64,EFFIA KWESIMINTSIM,Effia Kwesimintsim Municipal,EFFIA KWESIMINTSIM,True
Western,Ellembelle,District,Ghana Statistical Service 2021 Census — Master Sheet.xlsx,DHS Ghana 1993–2022 subnational — water/toilet-facilities CSVs,DHS Ghana 1988–2022 subnational — diarrhea/child-mortality-rates/iycf/anemia CSVs,5.14952214999999,-2.42142536190491,35570,42516,33.3,42.8,31771,36622,21811,20996,37019,36768,1756,2543,120893,46.1,1.1,4.9,65.0,96.8,36.0,72.6,94.3,25.0,9.7,48.0,17.7,1.6,1.4,26.28,30.29,12842,0.58,54.45,ELLEMBELLE,Ellembelle,ELLEMBELLE,True
Western,Jomoro Municipal,Municipal,Ghana Statistical Service 2021 Census — Master Sheet.xlsx,DHS Ghana 1993–2022 subnational — water/toilet-facilities CSVs,DHS Ghana 1988–2022 subnational — diarrhea/child-mortality-rates/iycf/anemia CSVs,5.199616,-2.61473434715296,39912,40959,31.2,43.7,36331,40184,23402,22303,37306,38855,1941,2769,126576,46.1,1.1,4.9,65.0,96.8,36.0,72.6,94.3,25.0,9.7,48.0,17.7,1.6,1.4,28.7,31.75,13712,0.6,50.65,JOMORO,Jomoro Municipal,JOMORO,True
Western,Mpohor,District,Ghana Statistical Service 2021 Census — Master Sheet.xlsx,DHS Ghana 1993–2022 subnational — water/toilet-facilities CSVs,DHS Ghana 1988–2022 subnational — diarrhea/child-mortality-rates/iycf/anemia CSVs,4.9705877,-1.8927971,17795,16391,31.4,44.3,13671,25220,8995,8847,16862,15461,890,973,52028,46.1,1.1,4.9,65.0,96.8,36.0,72.6,94.3,25.0,9.7,48.0,17.7,1.6,1.4,26.28,48.47,5353,0.552,47.95,MPOHOR,Mpohor,MPOHOR,True
Western,Nzema East Municipal,Municipal,Ghana Statistical Service 2021 Census — Master Sheet.xlsx,DHS Ghana 1993–2022 subnational — water/toilet-facilities CSVs,DHS Ghana 1988–2022 subnational — diarrhea/child-mortality-rates/iycf/anemia CSVs,5.08576495,-2.22263416898707,32893,27539,38.2,43.0,32560,46450,17234,16955,30240,27556,1116,1520,94621,46.1,1.1,4.9,65.0,96.8,36.0,72.6,94.3,25.0,9.7,48.0,17.7,1.6,1.4,34.41,49.09,10257,0.592,45.57,NZEMA EAST,Nzema East Municipal,NZEMA EAST,True
Western,Prestea/Huni Valley Municipal,Municipal,Ghana Statistical Service 2021 Census — Master Sheet.xlsx,DHS Ghana 1993–2022 subnational — water/toilet-facilities CSVs,DHS Ghana 1988–2022 subnational — diarrhea/child-mortality-rates/iycf/anemia CSVs,5.44481979999999,-2.04050432321944,73612,73038,29.5,43.8,59020,112064,41865,40786,72937,67695,2942,3076,229301,46.1,1.1,4.9,65.0,96.8,36.0,72.6,94.3,25.0,9.7,48.0,17.7,1.6,1.4,25.74,48.87,24795,0.588,49.8,PRESTEA/HUNI VALLEY,Prestea/Huni Valley Municipal,PRESTEA HUNI VALLEY,True
Western,"Sekondi Takoradi Metropolitan Area (STMA)- Takoradi, Sekondi & Essikado-Ketan",Metropolitan,Ghana Statistical Service 2021 Census — Master Sheet.xlsx,DHS Ghana 1993–2022 subnational — water/toilet-facilities CSVs,DHS Ghana 1988–2022 subnational — diarrhea/child-mortality-rates/iycf/anemia CSVs,4.95328,-1.73308,85174,86453,10.1,42.6,23679,49217,36872,36883,77931,82625,4541,6530,245382,46.1,1.1,4.9,65.0,96.8,36.0,72.6,94.3,25.0,9.7,48.0,17.7,1.6,1.4,9.65,20.06,22126,0.459,50.37,SEKONDI TAKORADI AREA (STMA) TAKORADI SEKONDI & ESSIKADO KETAN,Sekondi Takoradi Metropolis,SEKONDI TAKORADI,True
Western,Shama,District,Ghana Statistical Service 2021 Census — Master Sheet.xlsx,DHS Ghana 1993–2022 subnational — water/toilet-facilities CSVs,DHS Ghana 1988–2022 subnational — diarrhea/child-mortality-rates/iycf/anemia CSVs,5.0606463,-1.64288365568687,38185,36098,22.0,44.4,24535,35638,21733,21208,33497,35874,1980,2932,117224,46.1,1.1,4.9,65.0,96.8,36.0,72.6,94.3,25.0,9.7,48.0,17.7,1.6,1.4,20.93,30.4,12882,0.619,48.6,SHAMA,Shama,SHAMA,True
Western,Tarkwa-Nsuaem Municipal,Municipal,Ghana Statistical Service 2021 Census — Master Sheet.xlsx,DHS Ghana 1993–2022 subnational — water/toilet-facilities CSVs,DHS Ghana 1988–2022 subnational — diarrhea/child-mortality-rates/iycf/anemia CSVs,5.310935,-1.992426,74018,73132,18.2,43.5,39035,62189,36129,35830,74620,67080,2538,2912,219109,46.1,1.1,4.9,65.0,96.8,36.0,72.6,94.3,25.0,9.7,48.0,17.7,1.6,1.4,17.82,28.38,21588,0.508,49.7,TARKWA NSUAEM,Tarkwa-Nsuaem Municipal,TARKWA NSUAEM,True
Western,Wassa Amenfi Central,District,Ghana Statistical Service 2021 Census — Master Sheet.xlsx,DHS Ghana 1993–2022 subnational — water/toilet-facilities CSVs,DHS Ghana 1988–2022 subnational — diarrhea/child-mortality-rates/iycf/anemia CSVs,5.7890318,-2.0839856,39525,34394,37.6,43.0,40255,55487,22543,21537,38197,32215,1827,1680,117999,46.1,1.1,4.9,65.0,96.8,36.0,72.6,94.3,25.0,9.7,48.0,17.7,1.6,1.4,34.11,47.02,13224,0.626,46.53,WASSA AMENFI CENTRAL,Wassa Amenfi Central,WASSA AMENFI CENTRAL,True
Western,Wassa Amenfi East Municipal,Municipal,Ghana Statistical Service 2021 Census — Master Sheet.xlsx,DHS Ghana 1993–2022 subnational — water/toilet-facilities CSVs,DHS Ghana 1988–2022 subnational — diarrhea/child-mortality-rates/iycf/anemia CSVs,5.87660585,-1.98975398510416,55415,62692,35.5,44.4,57887,82600,31302,30287,61347,51720,2634,2406,179696,46.1,1.1,4.9,65.0,96.8,36.0,72.6,94.3,25.0,9.7,48.0,17.7,1.6,1.4,32.21,45.97,18477,0.545,53.08,WASSA AMENFI EAST,Wassa Amenfi East Municipal,WASSA AMENFI EAST,True
Western,Wassa Amenfi West Municipal,Municipal,Ghana Statistical Service 2021 Census — Master Sheet.xlsx,DHS Ghana 1993–2022 subnational — water/toilet-facilities CSVs,DHS Ghana 1988–2022 subnational — diarrhea/child-mortality-rates/iycf/anemia CSVs,5.7735167,-2.5321498,48494,36169,24.9,42.0,39203,36463,23579,22758,43434,37508,1924,1797,131000,46.1,1.1,4.9,65.0,96.8,36.0,72.6,94.3,25.0,9.7,48.0,17.7,1.6,1.4,29.93,27.83,13901,0.572,42.72,WASSA AMENFI WEST,Wassa Amenfi West Municipal,WASSA AMENFI WEST,True
Western,Wassa East,District,Ghana Statistical Service 2021 Census — Master Sheet.xlsx,DHS Ghana 1993–2022 subnational — water/toilet-facilities CSVs,DHS Ghana 1988–2022 subnational — diarrhea/child-mortality-rates/iycf/anemia CSVs,5.3622378,-1.62070954561049,37479,24536,38.0,42.0,31560,53204,19411,18215,29878,28067,1911,2159,99641,46.1,1.1,4.9,65.0,96.8,36.0,72.6,94.3,25.0,9.7,48.0,17.7,1.6,1.4,31.67,53.4,11288,0.649,39.56,WASSA EAST,Wassa East,WASSA EAST,True
Western North,Aowin Municipal,Municipal,Ghana Statistical Service 2021 Census — Master Sheet.xlsx,DHS Ghana 1993–2022 subnational — water/toilet-facilities CSVs,DHS Ghana 1988–2022 subnational — diarrhea/child-mortality-rates/iycf/anemia CSVs,5.69311555,-2.7557437678514,48339,36622,37.1,41.9,51625,44974,24663,23633,43488,37969,1980,1524,133257,45.1,0.0,11.9,64.0,96.8,22.0,51.7,83.4,13.0,6.2,37.0,42.1,11.0,5.7,38.74,33.75,14489,0.593,43.1,AOWIN,Aowin Municipal,AOWIN,True
Western North,Bia East,District,Ghana Statistical Service 2021 Census — Master Sheet.xlsx,DHS Ghana 1993–2022 subnational — water/toilet-facilities CSVs,DHS Ghana 1988–2022 subnational — diarrhea/child-mortality-rates/iycf/anemia CSVs,6.817878,-3.00681786775424,20133,12438,32.9,41.5,22623,23293,10619,9883,16617,14414,918,622,53073,45.1,0.0,11.9,64.0,96.8,22.0,51.7,83.4,13.0,6.2,37.0,42.1,11.0,5.7,42.63,43.89,6151,0.661,38.19,BIA EAST,Bia East,BIA EAST,True
Western North,Bia West,District,Ghana Statistical Service 2021 Census — Master Sheet.xlsx,DHS Ghana 1993–2022 subnational — water/toilet-facilities CSVs,DHS Ghana 1988–2022 subnational — diarrhea/child-mortality-rates/iycf/anemia CSVs,6.56894165,-3.06628883975843,38243,33676,24.5,41.3,11991,8269,22464,21498,35895,33204,1596,1224,115881,45.1,0.0,11.9,64.0,96.8,22.0,51.7,83.4,13.0,6.2,37.0,42.1,11.0,5.7,10.35,7.14,13189,0.636,46.82,BIA WEST,Bia West,BIA WEST,True
Western North,Bibiani Anhwiaso Bekwai Municipal,Municipal,Ghana Statistical Service 2021 Census — Master Sheet.xlsx,DHS Ghana 1993–2022 subnational — water/toilet-facilities CSVs,DHS Ghana 1988–2022 subnational — diarrhea/child-mortality-rates/iycf/anemia CSVs,6.29602085,-2.23398871855776,54933,53406,25.8,41.9,22658,14946,30105,29527,50059,52106,2634,3540,167971,45.1,0.0,11.9,64.0,96.8,22.0,51.7,83.4,13.0,6.2,37.0,42.1,11.0,5.7,13.49,8.9,17890,0.584,49.3,BIBIANI ANHWIASO BEKWAI,Bibiani Anhwiaso Bekwai Municipal,BIBIANI ANHWIASO BEKWAI,True
Western North,Bodi,District,Ghana Statistical Service 2021 Census — Master Sheet.xlsx,DHS Ghana 1993–2022 subnational — water/toilet-facilities CSVs,DHS Ghana 1988–2022 subnational — diarrhea/child-mortality-rates/iycf/anemia CSVs,6.24012575,-2.87347603617418,23327,18638,18.6,41.7,38497,24824,12137,11646,20465,19320,1051,1129,65748,45.1,0.0,11.9,64.0,96.8,22.0,51.7,83.4,13.0,6.2,37.0,42.1,11.0,5.7,58.55,37.76,7135,0.598,44.41,BODI,Bodi,BODI,True
Western North,Juaboso,District,Ghana Statistical Service 2021 Census — Master Sheet.xlsx,DHS Ghana 1993–2022 subnational — water/toilet-facilities CSVs,DHS Ghana 1988–2022 subnational — diarrhea/child-mortality-rates/iycf/anemia CSVs,6.3415722,-2.8235416,29440,27877,18.9,42.3,39907,30473,16061,15436,28339,26307,1322,1349,88814,45.1,0.0,11.9,64.0,96.8,22.0,51.7,83.4,13.0,6.2,37.0,42.1,11.0,5.7,44.93,34.31,9449,0.576,48.64,JUABOSO,Juaboso,JUABOSO,True
Western North,Sefwi Akontombra,District,Ghana Statistical Service 2021 Census — Master Sheet.xlsx,DHS Ghana 1993–2022 subnational — water/toilet-facilities CSVs,DHS Ghana 1988–2022 subnational — diarrhea/child-mortality-rates/iycf/anemia CSVs,6.0425529,-2.8760069,25005,16732,24.5,42.2,29528,18022,13046,11906,20785,18801,1192,959,66689,45.1,0.0,11.9,64.0,96.8,22.0,51.7,83.4,13.0,6.2,37.0,42.1,11.0,5.7,44.28,27.02,7486,0.63,40.09,SEFWI AKONTOMBRA,Sefwi Akontombra,SEFWI AKONTOMBRA,True
Western North,Sefwi Wiawso Municipal,Municipal,Ghana Statistical Service 2021 Census — Master Sheet.xlsx,DHS Ghana 1993–2022 subnational — water/toilet-facilities CSVs,DHS Ghana 1988–2022 subnational — diarrhea/child-mortality-rates/iycf/anemia CSVs,6.30540429999999,-2.51755838219394,51890,46609,33.3,42.4,42460,37320,26975,25746,46395,46745,2535,2824,151220,45.1,0.0,11.9,64.0,96.8,22.0,51.7,83.4,13.0,6.2,37.0,42.1,11.0,5.7,28.08,24.68,15816,0.566,47.32,SEFWI WIAWSO,Sefwi Wiawso Municipal,SEFWI WIAWSO,True
Western North,Suaman,District,Ghana Statistical Service 2021 Census — Master Sheet.xlsx,DHS Ghana 1993–2022 subnational — water/toilet-facilities CSVs,DHS Ghana 1988–2022 subnational — diarrhea/child-mortality-rates/iycf/anemia CSVs,6.10824159999999,-3.00869712063798,12182,13089,37.5,41.3,19265,22574,6746,6251,13440,11022,421,388,38268,45.1,0.0,11.9,64.0,96.8,22.0,51.7,83.4,13.0,6.2,37.0,42.1,11.0,5.7,50.34,58.99,3899,0.531,51.79,SUAMAN,Suaman,SUAMAN,True
